time,air
2013-01-01 00:00:00,258.29
2013-01-01 06:00:00,253.89000000000001
2013-01-01 12:00:00,256.6
2013-01-01 18:00:00,256.5
2013-01-02 00:00:00,260.29
2013-01-02 06:00:00,255.89000000000001
2013-01-02 12:00:00,254.8
2013-01-02 18:00:00,255.1
2013-01-03 00:00:00,256.8
2013-01-03 06:00:00,254.0
2013-01-03 12:00:00,254.20000000000002
2013-01-03 18:00:00,252.6
2013-01-04 00:00:00,261.79
2013-01-04 06:00:00,257.0
2013-01-04 12:00:00,258.7
2013-01-04 18:00:00,258.2
2013-01-05 00:00:00,262.6
2013-01-05 06:00:00,257.9
2013-01-05 12:00:00,256.7
2013-01-05 18:00:00,257.6
2013-01-06 00:00:00,264.79
2013-01-06 06:00:00,256.1
2013-01-06 12:00:00,257.1
2013-01-06 18:00:00,262.6
2013-01-07 00:00:00,271.79
2013-01-07 06:00:00,265.0
2013-01-07 12:00:00,264.1
2013-01-07 18:00:00,260.9
2013-01-08 00:00:00,268.6
2013-01-08 06:00:00,266.9
2013-01-08 12:00:00,267.6
2013-01-08 18:00:00,267.6
2013-01-09 00:00:00,270.79
2013-01-09 06:00:00,268.2
2013-01-09 12:00:00,269.1
2013-01-09 18:00:00,266.7
2013-01-10 00:00:00,276.5
2013-01-10 06:00:00,270.4
2013-01-10 12:00:00,273.7
2013-01-10 18:00:00,273.90000000000003
2013-01-11 00:00:00,271.5
2013-01-11 06:00:00,266.6
2013-01-11 12:00:00,264.6
2013-01-11 18:00:00,259.29
2013-01-12 00:00:00,259.79
2013-01-12 06:00:00,253.8
2013-01-12 12:00:00,250.20000000000002
2013-01-12 18:00:00,253.0
2013-01-13 00:00:00,255.89000000000001
2013-01-13 06:00:00,249.6
2013-01-13 12:00:00,247.20000000000002
2013-01-13 18:00:00,250.70000000000002
2013-01-14 00:00:00,255.0
2013-01-14 06:00:00,249.20000000000002
2013-01-14 12:00:00,244.3
2013-01-14 18:00:00,246.20000000000002
2013-01-15 00:00:00,254.0
2013-01-15 06:00:00,252.20000000000002
2013-01-15 12:00:00,256.2
2013-01-15 18:00:00,258.0
2013-01-16 00:00:00,263.0
2013-01-16 06:00:00,261.1
2013-01-16 12:00:00,263.79
2013-01-16 18:00:00,264.29
2013-01-17 00:00:00,265.5
2013-01-17 06:00:00,262.6
2013-01-17 12:00:00,258.5
2013-01-17 18:00:00,260.29
2013-01-18 00:00:00,263.6
2013-01-18 06:00:00,261.79
2013-01-18 12:00:00,262.29
2013-01-18 18:00:00,264.0
2013-01-19 00:00:00,267.9
2013-01-19 06:00:00,266.2
2013-01-19 12:00:00,265.2
2013-01-19 18:00:00,264.7
2013-01-20 00:00:00,269.7
2013-01-20 06:00:00,265.9
2013-01-20 12:00:00,263.9
2013-01-20 18:00:00,264.7
2013-01-21 00:00:00,267.6
2013-01-21 06:00:00,263.29
2013-01-21 12:00:00,262.9
2013-01-21 18:00:00,266.4
2013-01-22 00:00:00,269.2
2013-01-22 06:00:00,266.29
2013-01-22 12:00:00,268.1
2013-01-22 18:00:00,263.79
2013-01-23 00:00:00,269.9
2013-01-23 06:00:00,265.0
2013-01-23 12:00:00,270.0
2013-01-23 18:00:00,268.2
2013-01-24 00:00:00,276.90000000000003
2013-01-24 06:00:00,269.7
2013-01-24 12:00:00,273.40000000000003
2013-01-24 18:00:00,273.0
2013-01-25 00:00:00,273.29
2013-01-25 06:00:00,270.0
2013-01-25 12:00:00,269.29
2013-01-25 18:00:00,270.29
2013-01-26 00:00:00,274.29
2013-01-26 06:00:00,268.6
2013-01-26 12:00:00,270.6
2013-01-26 18:00:00,272.2
2013-01-27 00:00:00,275.0
2013-01-27 06:00:00,269.79
2013-01-27 12:00:00,272.1
2013-01-27 18:00:00,272.2
2013-01-28 00:00:00,273.7
2013-01-28 06:00:00,265.5
2013-01-28 12:00:00,263.2
2013-01-28 18:00:00,262.29
2013-01-29 00:00:00,262.5
2013-01-29 06:00:00,255.8
2013-01-29 12:00:00,256.2
2013-01-29 18:00:00,261.29
2013-01-30 00:00:00,262.7
2013-01-30 06:00:00,257.6
2013-01-30 12:00:00,262.1
2013-01-30 18:00:00,266.7
2013-01-31 00:00:00,269.2
2013-01-31 06:00:00,267.9
2013-01-31 12:00:00,266.9
2013-01-31 18:00:00,268.79
2013-02-01 00:00:00,271.4
2013-02-01 06:00:00,267.9
2013-02-01 12:00:00,269.9
2013-02-01 18:00:00,270.6
2013-02-02 00:00:00,271.7
2013-02-02 06:00:00,265.29
2013-02-02 12:00:00,265.7
2013-02-02 18:00:00,266.2
2013-02-03 00:00:00,270.79
2013-02-03 06:00:00,263.9
2013-02-03 12:00:00,266.1
2013-02-03 18:00:00,264.2
2013-02-04 00:00:00,270.0
2013-02-04 06:00:00,263.0
2013-02-04 12:00:00,265.6
2013-02-04 18:00:00,267.2
2013-02-05 00:00:00,272.4
2013-02-05 06:00:00,267.2
2013-02-05 12:00:00,270.7
2013-02-05 18:00:00,269.7
2013-02-06 00:00:00,275.6
2013-02-06 06:00:00,269.6
2013-02-06 12:00:00,269.1
2013-02-06 18:00:00,267.7
2013-02-07 00:00:00,270.79
2013-02-07 06:00:00,263.1
2013-02-07 12:00:00,258.4
2013-02-07 18:00:00,262.29
2013-02-08 00:00:00,271.2
2013-02-08 06:00:00,262.6
2013-02-08 12:00:00,264.29
2013-02-08 18:00:00,266.5
2013-02-09 00:00:00,270.9
2013-02-09 06:00:00,266.0
2013-02-09 12:00:00,263.7
2013-02-09 18:00:00,265.5
2013-02-10 00:00:00,268.0
2013-02-10 06:00:00,260.4
2013-02-10 12:00:00,261.1
2013-02-10 18:00:00,264.1
2013-02-11 00:00:00,263.6
2013-02-11 06:00:00,256.7
2013-02-11 12:00:00,254.3
2013-02-11 18:00:00,256.39
2013-02-12 00:00:00,262.4
2013-02-12 06:00:00,257.29
2013-02-12 12:00:00,258.1
2013-02-12 18:00:00,260.2
2013-02-13 00:00:00,266.1
2013-02-13 06:00:00,263.7
2013-02-13 12:00:00,264.79
2013-02-13 18:00:00,266.9
2013-02-14 00:00:00,270.1
2013-02-14 06:00:00,267.4
2013-02-14 12:00:00,267.1
2013-02-14 18:00:00,266.29
2013-02-15 00:00:00,266.7
2013-02-15 06:00:00,262.5
2013-02-15 12:00:00,263.29
2013-02-15 18:00:00,265.9
2013-02-16 00:00:00,270.1
2013-02-16 06:00:00,265.79
2013-02-16 12:00:00,267.7
2013-02-16 18:00:00,266.29
2013-02-17 00:00:00,273.6
2013-02-17 06:00:00,267.29
2013-02-17 12:00:00,270.2
2013-02-17 18:00:00,268.79
2013-02-18 00:00:00,268.9
2013-02-18 06:00:00,262.0
2013-02-18 12:00:00,262.1
2013-02-18 18:00:00,264.0
2013-02-19 00:00:00,266.9
2013-02-19 06:00:00,260.1
2013-02-19 12:00:00,262.6
2013-02-19 18:00:00,265.2
2013-02-20 00:00:00,271.6
2013-02-20 06:00:00,264.7
2013-02-20 12:00:00,262.9
2013-02-20 18:00:00,266.2
2013-02-21 00:00:00,269.79
2013-02-21 06:00:00,260.29
2013-02-21 12:00:00,257.29
2013-02-21 18:00:00,263.29
2013-02-22 00:00:00,264.79
2013-02-22 06:00:00,257.7
2013-02-22 12:00:00,256.8
2013-02-22 18:00:00,261.7
2013-02-23 00:00:00,265.7
2013-02-23 06:00:00,262.2
2013-02-23 12:00:00,267.4
2013-02-23 18:00:00,266.6
2013-02-24 00:00:00,267.5
2013-02-24 06:00:00,261.7
2013-02-24 12:00:00,262.4
2013-02-24 18:00:00,265.1
2013-02-25 00:00:00,266.5
2013-02-25 06:00:00,257.9
2013-02-25 12:00:00,260.4
2013-02-25 18:00:00,260.7
2013-02-26 00:00:00,268.4
2013-02-26 06:00:00,263.2
2013-02-26 12:00:00,263.1
2013-02-26 18:00:00,263.5
2013-02-27 00:00:00,266.2
2013-02-27 06:00:00,258.7
2013-02-27 12:00:00,260.6
2013-02-27 18:00:00,262.0
2013-02-28 00:00:00,266.79
2013-02-28 06:00:00,261.6
2013-02-28 12:00:00,260.7
2013-02-28 18:00:00,264.7
2013-03-01 00:00:00,269.79
2013-03-01 06:00:00,266.4
2013-03-01 12:00:00,269.29
2013-03-01 18:00:00,272.0
2013-03-02 00:00:00,275.40000000000003
2013-03-02 06:00:00,270.0
2013-03-02 12:00:00,271.2
2013-03-02 18:00:00,271.5
2013-03-03 00:00:00,277.0
2013-03-03 06:00:00,270.5
2013-03-03 12:00:00,275.1
2013-03-03 18:00:00,275.1
2013-03-04 00:00:00,272.4
2013-03-04 06:00:00,265.1
2013-03-04 12:00:00,261.29
2013-03-04 18:00:00,261.9
2013-03-05 00:00:00,264.79
2013-03-05 06:00:00,258.0
2013-03-05 12:00:00,256.1
2013-03-05 18:00:00,262.5
2013-03-06 00:00:00,271.79
2013-03-06 06:00:00,267.4
2013-03-06 12:00:00,268.2
2013-03-06 18:00:00,272.5
2013-03-07 00:00:00,275.90000000000003
2013-03-07 06:00:00,271.9
2013-03-07 12:00:00,271.1
2013-03-07 18:00:00,272.29
2013-03-08 00:00:00,274.79
2013-03-08 06:00:00,267.0
2013-03-08 12:00:00,267.9
2013-03-08 18:00:00,273.7
2013-03-09 00:00:00,273.79
2013-03-09 06:00:00,267.29
2013-03-09 12:00:00,267.2
2013-03-09 18:00:00,271.0
2013-03-10 00:00:00,270.9
2013-03-10 06:00:00,265.79
2013-03-10 12:00:00,263.29
2013-03-10 18:00:00,268.0
2013-03-11 00:00:00,272.29
2013-03-11 06:00:00,267.29
2013-03-11 12:00:00,267.29
2013-03-11 18:00:00,272.9
2013-03-12 00:00:00,273.5
2013-03-12 06:00:00,268.1
2013-03-12 12:00:00,266.7
2013-03-12 18:00:00,273.1
2013-03-13 00:00:00,275.0
2013-03-13 06:00:00,273.90000000000003
2013-03-13 12:00:00,277.0
2013-03-13 18:00:00,276.40000000000003
2013-03-14 00:00:00,279.6
2013-03-14 06:00:00,274.40000000000003
2013-03-14 12:00:00,275.2
2013-03-14 18:00:00,277.90000000000003
2013-03-15 00:00:00,282.6
2013-03-15 06:00:00,276.7
2013-03-15 12:00:00,277.79
2013-03-15 18:00:00,278.90000000000003
2013-03-16 00:00:00,278.90000000000003
2013-03-16 06:00:00,274.79
2013-03-16 12:00:00,273.2
2013-03-16 18:00:00,274.0
2013-03-17 00:00:00,276.5
2013-03-17 06:00:00,270.29
2013-03-17 12:00:00,272.7
2013-03-17 18:00:00,268.79
2013-03-18 00:00:00,266.7
2013-03-18 06:00:00,263.2
2013-03-18 12:00:00,264.6
2013-03-18 18:00:00,267.4
2013-03-19 00:00:00,270.5
2013-03-19 06:00:00,265.7
2013-03-19 12:00:00,266.0
2013-03-19 18:00:00,270.1
2013-03-20 00:00:00,272.79
2013-03-20 06:00:00,263.29
2013-03-20 12:00:00,265.7
2013-03-20 18:00:00,272.29
2013-03-21 00:00:00,275.7
2013-03-21 06:00:00,273.79
2013-03-21 12:00:00,272.4
2013-03-21 18:00:00,267.5
2013-03-22 00:00:00,267.6
2013-03-22 06:00:00,262.29
2013-03-22 12:00:00,259.4
2013-03-22 18:00:00,264.0
2013-03-23 00:00:00,265.2
2013-03-23 06:00:00,260.0
2013-03-23 12:00:00,257.0
2013-03-23 18:00:00,264.29
2013-03-24 00:00:00,266.29
2013-03-24 06:00:00,261.0
2013-03-24 12:00:00,260.1
2013-03-24 18:00:00,263.0
2013-03-25 00:00:00,264.7
2013-03-25 06:00:00,262.2
2013-03-25 12:00:00,257.0
2013-03-25 18:00:00,264.5
2013-03-26 00:00:00,269.79
2013-03-26 06:00:00,264.4
2013-03-26 12:00:00,266.29
2013-03-26 18:00:00,270.5
2013-03-27 00:00:00,275.1
2013-03-27 06:00:00,269.4
2013-03-27 12:00:00,264.2
2013-03-27 18:00:00,272.29
2013-03-28 00:00:00,278.0
2013-03-28 06:00:00,277.5
2013-03-28 12:00:00,273.2
2013-03-28 18:00:00,276.1
2013-03-29 00:00:00,281.0
2013-03-29 06:00:00,279.90000000000003
2013-03-29 12:00:00,274.40000000000003
2013-03-29 18:00:00,277.40000000000003
2013-03-30 00:00:00,278.7
2013-03-30 06:00:00,274.1
2013-03-30 12:00:00,273.40000000000003
2013-03-30 18:00:00,276.7
2013-03-31 00:00:00,278.6
2013-03-31 06:00:00,274.1
2013-03-31 12:00:00,269.5
2013-03-31 18:00:00,276.90000000000003
2013-04-01 00:00:00,282.1
2013-04-01 06:00:00,270.5
2013-04-01 12:00:00,269.2
2013-04-01 18:00:00,277.6
2013-04-02 00:00:00,278.90000000000003
2013-04-02 06:00:00,271.4
2013-04-02 12:00:00,268.79
2013-04-02 18:00:00,275.7
2013-04-03 00:00:00,278.29
2013-04-03 06:00:00,273.79
2013-04-03 12:00:00,270.6
2013-04-03 18:00:00,274.40000000000003
2013-04-04 00:00:00,279.0
2013-04-04 06:00:00,275.40000000000003
2013-04-04 12:00:00,275.6
2013-04-04 18:00:00,277.0
2013-04-05 00:00:00,280.2
2013-04-05 06:00:00,275.6
2013-04-05 12:00:00,275.5
2013-04-05 18:00:00,275.5
2013-04-06 00:00:00,277.0
2013-04-06 06:00:00,272.0
2013-04-06 12:00:00,271.7
2013-04-06 18:00:00,274.5
2013-04-07 00:00:00,276.7
2013-04-07 06:00:00,271.4
2013-04-07 12:00:00,271.5
2013-04-07 18:00:00,274.79
2013-04-08 00:00:00,276.5
2013-04-08 06:00:00,274.0
2013-04-08 12:00:00,270.29
2013-04-08 18:00:00,273.6
2013-04-09 00:00:00,270.0
2013-04-09 06:00:00,264.29
2013-04-09 12:00:00,260.9
2013-04-09 18:00:00,261.5
2013-04-10 00:00:00,264.1
2013-04-10 06:00:00,260.7
2013-04-10 12:00:00,261.5
2013-04-10 18:00:00,268.1
2013-04-11 00:00:00,271.5
2013-04-11 06:00:00,271.4
2013-04-11 12:00:00,273.6
2013-04-11 18:00:00,273.6
2013-04-12 00:00:00,274.7
2013-04-12 06:00:00,270.5
2013-04-12 12:00:00,269.6
2013-04-12 18:00:00,273.7
2013-04-13 00:00:00,275.7
2013-04-13 06:00:00,269.7
2013-04-13 12:00:00,275.29
2013-04-13 18:00:00,275.6
2013-04-14 00:00:00,272.5
2013-04-14 06:00:00,263.29
2013-04-14 12:00:00,259.6
2013-04-14 18:00:00,265.0
2013-04-15 00:00:00,269.5
2013-04-15 06:00:00,262.4
2013-04-15 12:00:00,262.79
2013-04-15 18:00:00,266.0
2013-04-16 00:00:00,268.9
2013-04-16 06:00:00,263.0
2013-04-16 12:00:00,263.5
2013-04-16 18:00:00,264.79
2013-04-17 00:00:00,266.29
2013-04-17 06:00:00,262.1
2013-04-17 12:00:00,258.79
2013-04-17 18:00:00,262.5
2013-04-18 00:00:00,265.7
2013-04-18 06:00:00,259.7
2013-04-18 12:00:00,257.9
2013-04-18 18:00:00,267.6
2013-04-19 00:00:00,272.0
2013-04-19 06:00:00,267.5
2013-04-19 12:00:00,267.5
2013-04-19 18:00:00,272.0
2013-04-20 00:00:00,274.1
2013-04-20 06:00:00,272.9
2013-04-20 12:00:00,273.90000000000003
2013-04-20 18:00:00,274.2
2013-04-21 00:00:00,276.1
2013-04-21 06:00:00,271.1
2013-04-21 12:00:00,269.9
2013-04-21 18:00:00,274.29
2013-04-22 00:00:00,275.40000000000003
2013-04-22 06:00:00,272.2
2013-04-22 12:00:00,268.29
2013-04-22 18:00:00,269.7
2013-04-23 00:00:00,267.29
2013-04-23 06:00:00,262.2
2013-04-23 12:00:00,260.2
2013-04-23 18:00:00,268.1
2013-04-24 00:00:00,269.7
2013-04-24 06:00:00,266.5
2013-04-24 12:00:00,263.6
2013-04-24 18:00:00,272.5
2013-04-25 00:00:00,276.5
2013-04-25 06:00:00,273.1
2013-04-25 12:00:00,270.79
2013-04-25 18:00:00,274.90000000000003
2013-04-26 00:00:00,280.29
2013-04-26 06:00:00,272.1
2013-04-26 12:00:00,272.9
2013-04-26 18:00:00,277.90000000000003
2013-04-27 00:00:00,282.40000000000003
2013-04-27 06:00:00,274.1
2013-04-27 12:00:00,276.90000000000003
2013-04-27 18:00:00,279.0
2013-04-28 00:00:00,282.79
2013-04-28 06:00:00,278.79
2013-04-28 12:00:00,277.90000000000003
2013-04-28 18:00:00,279.5
2013-04-29 00:00:00,280.7
2013-04-29 06:00:00,275.5
2013-04-29 12:00:00,274.40000000000003
2013-04-29 18:00:00,276.7
2013-04-30 00:00:00,281.7
2013-04-30 06:00:00,276.1
2013-04-30 12:00:00,272.2
2013-04-30 18:00:00,272.9
2013-05-01 00:00:00,272.4
2013-05-01 06:00:00,267.29
2013-05-01 12:00:00,265.2
2013-05-01 18:00:00,269.6
2013-05-02 00:00:00,271.5
2013-05-02 06:00:00,268.1
2013-05-02 12:00:00,268.4
2013-05-02 18:00:00,275.0
2013-05-03 00:00:00,277.7
2013-05-03 06:00:00,270.7
2013-05-03 12:00:00,273.79
2013-05-03 18:00:00,278.1
2013-05-04 00:00:00,280.40000000000003
2013-05-04 06:00:00,272.5
2013-05-04 12:00:00,272.7
2013-05-04 18:00:00,277.90000000000003
2013-05-05 00:00:00,278.90000000000003
2013-05-05 06:00:00,273.0
2013-05-05 12:00:00,273.90000000000003
2013-05-05 18:00:00,277.7
2013-05-06 00:00:00,282.0
2013-05-06 06:00:00,275.90000000000003
2013-05-06 12:00:00,275.7
2013-05-06 18:00:00,280.79
2013-05-07 00:00:00,282.2
2013-05-07 06:00:00,277.90000000000003
2013-05-07 12:00:00,277.0
2013-05-07 18:00:00,281.79
2013-05-08 00:00:00,282.6
2013-05-08 06:00:00,276.90000000000003
2013-05-08 12:00:00,275.6
2013-05-08 18:00:00,280.90000000000003
2013-05-09 00:00:00,284.0
2013-05-09 06:00:00,277.40000000000003
2013-05-09 12:00:00,276.0
2013-05-09 18:00:00,284.5
2013-05-10 00:00:00,287.40000000000003
2013-05-10 06:00:00,283.2
2013-05-10 12:00:00,280.1
2013-05-10 18:00:00,285.79
2013-05-11 00:00:00,287.7
2013-05-11 06:00:00,282.1
2013-05-11 12:00:00,278.29
2013-05-11 18:00:00,285.90000000000003
2013-05-12 00:00:00,288.7
2013-05-12 06:00:00,280.6
2013-05-12 12:00:00,283.29
2013-05-12 18:00:00,288.40000000000003
2013-05-13 00:00:00,292.2
2013-05-13 06:00:00,286.2
2013-05-13 12:00:00,285.29
2013-05-13 18:00:00,291.79
2013-05-14 00:00:00,294.6
2013-05-14 06:00:00,284.7
2013-05-14 12:00:00,284.7
2013-05-14 18:00:00,290.0
2013-05-15 00:00:00,291.29
2013-05-15 06:00:00,286.29
2013-05-15 12:00:00,283.2
2013-05-15 18:00:00,289.7
2013-05-16 00:00:00,289.90000000000003
2013-05-16 06:00:00,284.0
2013-05-16 12:00:00,283.5
2013-05-16 18:00:00,288.0
2013-05-17 00:00:00,286.5
2013-05-17 06:00:00,282.2
2013-05-17 12:00:00,279.40000000000003
2013-05-17 18:00:00,285.6
2013-05-18 00:00:00,284.1
2013-05-18 06:00:00,279.90000000000003
2013-05-18 12:00:00,277.79
2013-05-18 18:00:00,279.90000000000003
2013-05-19 00:00:00,280.79
2013-05-19 06:00:00,275.29
2013-05-19 12:00:00,274.79
2013-05-19 18:00:00,279.6
2013-05-20 00:00:00,279.5
2013-05-20 06:00:00,277.0
2013-05-20 12:00:00,277.1
2013-05-20 18:00:00,279.90000000000003
2013-05-21 00:00:00,281.40000000000003
2013-05-21 06:00:00,279.5
2013-05-21 12:00:00,277.90000000000003
2013-05-21 18:00:00,283.0
2013-05-22 00:00:00,285.79
2013-05-22 06:00:00,279.7
2013-05-22 12:00:00,278.29
2013-05-22 18:00:00,287.40000000000003
2013-05-23 00:00:00,287.6
2013-05-23 06:00:00,280.0
2013-05-23 12:00:00,278.1
2013-05-23 18:00:00,285.90000000000003
2013-05-24 00:00:00,286.90000000000003
2013-05-24 06:00:00,278.90000000000003
2013-05-24 12:00:00,277.5
2013-05-24 18:00:00,281.6
2013-05-25 00:00:00,287.5
2013-05-25 06:00:00,278.5
2013-05-25 12:00:00,279.79
2013-05-25 18:00:00,288.7
2013-05-26 00:00:00,291.6
2013-05-26 06:00:00,286.40000000000003
2013-05-26 12:00:00,278.79
2013-05-26 18:00:00,289.1
2013-05-27 00:00:00,291.40000000000003
2013-05-27 06:00:00,282.6
2013-05-27 12:00:00,277.6
2013-05-27 18:00:00,285.0
2013-05-28 00:00:00,286.5
2013-05-28 06:00:00,284.29
2013-05-28 12:00:00,279.1
2013-05-28 18:00:00,282.6
2013-05-29 00:00:00,281.7
2013-05-29 06:00:00,278.2
2013-05-29 12:00:00,277.0
2013-05-29 18:00:00,279.7
2013-05-30 00:00:00,280.7
2013-05-30 06:00:00,276.7
2013-05-30 12:00:00,275.7
2013-05-30 18:00:00,279.2
2013-05-31 00:00:00,281.6
2013-05-31 06:00:00,275.40000000000003
2013-05-31 12:00:00,274.90000000000003
2013-05-31 18:00:00,280.40000000000003
2013-06-01 00:00:00,284.1
2013-06-01 06:00:00,278.7
2013-06-01 12:00:00,275.29
2013-06-01 18:00:00,285.29
2013-06-02 00:00:00,289.1
2013-06-02 06:00:00,281.5
2013-06-02 12:00:00,279.6
2013-06-02 18:00:00,290.6
2013-06-03 00:00:00,295.1
2013-06-03 06:00:00,284.79
2013-06-03 12:00:00,281.90000000000003
2013-06-03 18:00:00,283.5
2013-06-04 00:00:00,286.6
2013-06-04 06:00:00,280.0
2013-06-04 12:00:00,274.40000000000003
2013-06-04 18:00:00,285.29
2013-06-05 00:00:00,286.79
2013-06-05 06:00:00,276.6
2013-06-05 12:00:00,273.90000000000003
2013-06-05 18:00:00,285.40000000000003
2013-06-06 00:00:00,289.7
2013-06-06 06:00:00,286.2
2013-06-06 12:00:00,282.29
2013-06-06 18:00:00,290.90000000000003
2013-06-07 00:00:00,293.1
2013-06-07 06:00:00,289.90000000000003
2013-06-07 12:00:00,285.2
2013-06-07 18:00:00,293.0
2013-06-08 00:00:00,295.29
2013-06-08 06:00:00,288.6
2013-06-08 12:00:00,284.7
2013-06-08 18:00:00,290.7
2013-06-09 00:00:00,294.5
2013-06-09 06:00:00,287.90000000000003
2013-06-09 12:00:00,283.29
2013-06-09 18:00:00,293.6
2013-06-10 00:00:00,297.29
2013-06-10 06:00:00,291.1
2013-06-10 12:00:00,291.29
2013-06-10 18:00:00,297.79
2013-06-11 00:00:00,298.90000000000003
2013-06-11 06:00:00,291.1
2013-06-11 12:00:00,289.5
2013-06-11 18:00:00,292.7
2013-06-12 00:00:00,292.79
2013-06-12 06:00:00,292.29
2013-06-12 12:00:00,284.1
2013-06-12 18:00:00,295.0
2013-06-13 00:00:00,296.40000000000003
2013-06-13 06:00:00,290.40000000000003
2013-06-13 12:00:00,285.29
2013-06-13 18:00:00,295.5
2013-06-14 00:00:00,294.5
2013-06-14 06:00:00,284.79
2013-06-14 12:00:00,280.90000000000003
2013-06-14 18:00:00,284.90000000000003
2013-06-15 00:00:00,288.1
2013-06-15 06:00:00,280.40000000000003
2013-06-15 12:00:00,274.29
2013-06-15 18:00:00,288.79
2013-06-16 00:00:00,292.5
2013-06-16 06:00:00,289.7
2013-06-16 12:00:00,284.7
2013-06-16 18:00:00,293.7
2013-06-17 00:00:00,295.5
2013-06-17 06:00:00,289.90000000000003
2013-06-17 12:00:00,281.90000000000003
2013-06-17 18:00:00,293.2
2013-06-18 00:00:00,296.5
2013-06-18 06:00:00,289.90000000000003
2013-06-18 12:00:00,283.0
2013-06-18 18:00:00,295.40000000000003
2013-06-19 00:00:00,297.2
2013-06-19 06:00:00,286.2
2013-06-19 12:00:00,284.40000000000003
2013-06-19 18:00:00,292.7
2013-06-20 00:00:00,291.90000000000003
2013-06-20 06:00:00,280.7
2013-06-20 12:00:00,275.1
2013-06-20 18:00:00,285.40000000000003
2013-06-21 00:00:00,290.79
2013-06-21 06:00:00,281.40000000000003
2013-06-21 12:00:00,280.2
2013-06-21 18:00:00,288.7
2013-06-22 00:00:00,290.1
2013-06-22 06:00:00,281.29
2013-06-22 12:00:00,279.90000000000003
2013-06-22 18:00:00,285.90000000000003
2013-06-23 00:00:00,287.29
2013-06-23 06:00:00,280.6
2013-06-23 12:00:00,273.0
2013-06-23 18:00:00,288.7
2013-06-24 00:00:00,293.40000000000003
2013-06-24 06:00:00,285.2
2013-06-24 12:00:00,283.40000000000003
2013-06-24 18:00:00,293.29
2013-06-25 00:00:00,293.79
2013-06-25 06:00:00,286.0
2013-06-25 12:00:00,284.2
2013-06-25 18:00:00,288.7
2013-06-26 00:00:00,291.40000000000003
2013-06-26 06:00:00,290.29
2013-06-26 12:00:00,285.7
2013-06-26 18:00:00,293.29
2013-06-27 00:00:00,296.1
2013-06-27 06:00:00,294.40000000000003
2013-06-27 12:00:00,293.5
2013-06-27 18:00:00,298.7
2013-06-28 00:00:00,300.40000000000003
2013-06-28 06:00:00,292.5
2013-06-28 12:00:00,289.6
2013-06-28 18:00:00,299.0
2013-06-29 00:00:00,300.79
2013-06-29 06:00:00,290.29
2013-06-29 12:00:00,285.6
2013-06-29 18:00:00,297.2
2013-06-30 00:00:00,299.5
2013-06-30 06:00:00,290.6
2013-06-30 12:00:00,283.6
2013-06-30 18:00:00,296.79
2013-07-01 00:00:00,300.1
2013-07-01 06:00:00,290.79
2013-07-01 12:00:00,290.0
2013-07-01 18:00:00,298.5
2013-07-02 00:00:00,299.7
2013-07-02 06:00:00,291.2
2013-07-02 12:00:00,287.40000000000003
2013-07-02 18:00:00,297.1
2013-07-03 00:00:00,300.6
2013-07-03 06:00:00,295.90000000000003
2013-07-03 12:00:00,289.7
2013-07-03 18:00:00,298.6
2013-07-04 00:00:00,300.6
2013-07-04 06:00:00,292.90000000000003
2013-07-04 12:00:00,292.40000000000003
2013-07-04 18:00:00,295.90000000000003
2013-07-05 00:00:00,296.79
2013-07-05 06:00:00,291.29
2013-07-05 12:00:00,287.1
2013-07-05 18:00:00,293.6
2013-07-06 00:00:00,296.1
2013-07-06 06:00:00,290.1
2013-07-06 12:00:00,287.6
2013-07-06 18:00:00,293.90000000000003
2013-07-07 00:00:00,294.40000000000003
2013-07-07 06:00:00,288.29
2013-07-07 12:00:00,284.79
2013-07-07 18:00:00,295.29
2013-07-08 00:00:00,297.2
2013-07-08 06:00:00,290.79
2013-07-08 12:00:00,286.0
2013-07-08 18:00:00,294.90000000000003
2013-07-09 00:00:00,298.1
2013-07-09 06:00:00,293.2
2013-07-09 12:00:00,289.79
2013-07-09 18:00:00,297.29
2013-07-10 00:00:00,299.6
2013-07-10 06:00:00,293.90000000000003
2013-07-10 12:00:00,285.40000000000003
2013-07-10 18:00:00,299.1
2013-07-11 00:00:00,300.40000000000003
2013-07-11 06:00:00,296.1
2013-07-11 12:00:00,286.5
2013-07-11 18:00:00,297.40000000000003
2013-07-12 00:00:00,296.5
2013-07-12 06:00:00,290.0
2013-07-12 12:00:00,288.40000000000003
2013-07-12 18:00:00,291.0
2013-07-13 00:00:00,294.5
2013-07-13 06:00:00,288.29
2013-07-13 12:00:00,285.7
2013-07-13 18:00:00,292.1
2013-07-14 00:00:00,295.40000000000003
2013-07-14 06:00:00,293.0
2013-07-14 12:00:00,286.40000000000003
2013-07-14 18:00:00,295.40000000000003
2013-07-15 00:00:00,297.6
2013-07-15 06:00:00,291.79
2013-07-15 12:00:00,285.1
2013-07-15 18:00:00,297.6
2013-07-16 00:00:00,301.0
2013-07-16 06:00:00,296.1
2013-07-16 12:00:00,289.0
2013-07-16 18:00:00,297.7
2013-07-17 00:00:00,299.0
2013-07-17 06:00:00,292.0
2013-07-17 12:00:00,289.29
2013-07-17 18:00:00,296.2
2013-07-18 00:00:00,299.90000000000003
2013-07-18 06:00:00,293.40000000000003
2013-07-18 12:00:00,289.90000000000003
2013-07-18 18:00:00,298.0
2013-07-19 00:00:00,299.79
2013-07-19 06:00:00,289.7
2013-07-19 12:00:00,283.7
2013-07-19 18:00:00,297.90000000000003
2013-07-20 00:00:00,300.7
2013-07-20 06:00:00,292.6
2013-07-20 12:00:00,285.1
2013-07-20 18:00:00,298.79
2013-07-21 00:00:00,300.40000000000003
2013-07-21 06:00:00,293.7
2013-07-21 12:00:00,289.2
2013-07-21 18:00:00,297.5
2013-07-22 00:00:00,300.29
2013-07-22 06:00:00,293.5
2013-07-22 12:00:00,292.5
2013-07-22 18:00:00,298.2
2013-07-23 00:00:00,300.40000000000003
2013-07-23 06:00:00,291.40000000000003
2013-07-23 12:00:00,285.90000000000003
2013-07-23 18:00:00,297.7
2013-07-24 00:00:00,300.0
2013-07-24 06:00:00,289.2
2013-07-24 12:00:00,278.5
2013-07-24 18:00:00,296.2
2013-07-25 00:00:00,298.7
2013-07-25 06:00:00,292.6
2013-07-25 12:00:00,288.90000000000003
2013-07-25 18:00:00,296.6
2013-07-26 00:00:00,298.29
2013-07-26 06:00:00,292.79
2013-07-26 12:00:00,286.40000000000003
2013-07-26 18:00:00,298.2
2013-07-27 00:00:00,300.7
2013-07-27 06:00:00,293.6
2013-07-27 12:00:00,290.79
2013-07-27 18:00:00,294.40000000000003
2013-07-28 00:00:00,291.0
2013-07-28 06:00:00,286.29
2013-07-28 12:00:00,286.0
2013-07-28 18:00:00,291.7
2013-07-29 00:00:00,295.5
2013-07-29 06:00:00,288.6
2013-07-29 12:00:00,282.0
2013-07-29 18:00:00,292.6
2013-07-30 00:00:00,295.0
2013-07-30 06:00:00,287.79
2013-07-30 12:00:00,284.6
2013-07-30 18:00:00,293.90000000000003
2013-07-31 00:00:00,296.5
2013-07-31 06:00:00,293.7
2013-07-31 12:00:00,286.0
2013-07-31 18:00:00,295.7
2013-08-01 00:00:00,298.40000000000003
2013-08-01 06:00:00,290.29
2013-08-01 12:00:00,289.0
2013-08-01 18:00:00,298.5
2013-08-02 00:00:00,298.7
2013-08-02 06:00:00,291.5
2013-08-02 12:00:00,286.90000000000003
2013-08-02 18:00:00,294.6
2013-08-03 00:00:00,297.5
2013-08-03 06:00:00,290.40000000000003
2013-08-03 12:00:00,284.90000000000003
2013-08-03 18:00:00,296.6
2013-08-04 00:00:00,298.79
2013-08-04 06:00:00,290.29
2013-08-04 12:00:00,283.7
2013-08-04 18:00:00,297.79
2013-08-05 00:00:00,298.90000000000003
2013-08-05 06:00:00,293.29
2013-08-05 12:00:00,284.7
2013-08-05 18:00:00,296.7
2013-08-06 00:00:00,298.1
2013-08-06 06:00:00,290.40000000000003
2013-08-06 12:00:00,291.1
2013-08-06 18:00:00,297.0
2013-08-07 00:00:00,297.29
2013-08-07 06:00:00,292.29
2013-08-07 12:00:00,284.79
2013-08-07 18:00:00,296.0
2013-08-08 00:00:00,297.90000000000003
2013-08-08 06:00:00,292.6
2013-08-08 12:00:00,288.79
2013-08-08 18:00:00,295.5
2013-08-09 00:00:00,296.29
2013-08-09 06:00:00,289.40000000000003
2013-08-09 12:00:00,286.5
2013-08-09 18:00:00,294.1
2013-08-10 00:00:00,295.90000000000003
2013-08-10 06:00:00,288.6
2013-08-10 12:00:00,282.90000000000003
2013-08-10 18:00:00,295.6
2013-08-11 00:00:00,297.0
2013-08-11 06:00:00,288.29
2013-08-11 12:00:00,281.29
2013-08-11 18:00:00,294.0
2013-08-12 00:00:00,295.1
2013-08-12 06:00:00,289.0
2013-08-12 12:00:00,280.1
2013-08-12 18:00:00,294.7
2013-08-13 00:00:00,296.2
2013-08-13 06:00:00,288.6
2013-08-13 12:00:00,283.40000000000003
2013-08-13 18:00:00,294.29
2013-08-14 00:00:00,294.90000000000003
2013-08-14 06:00:00,292.79
2013-08-14 12:00:00,281.2
2013-08-14 18:00:00,294.5
2013-08-15 00:00:00,297.90000000000003
2013-08-15 06:00:00,295.7
2013-08-15 12:00:00,283.79
2013-08-15 18:00:00,295.90000000000003
2013-08-16 00:00:00,299.0
2013-08-16 06:00:00,293.90000000000003
2013-08-16 12:00:00,282.2
2013-08-16 18:00:00,298.5
2013-08-17 00:00:00,300.40000000000003
2013-08-17 06:00:00,293.29
2013-08-17 12:00:00,290.29
2013-08-17 18:00:00,299.6
2013-08-18 00:00:00,298.2
2013-08-18 06:00:00,295.2
2013-08-18 12:00:00,289.0
2013-08-18 18:00:00,297.6
2013-08-19 00:00:00,299.1
2013-08-19 06:00:00,293.7
2013-08-19 12:00:00,292.40000000000003
2013-08-19 18:00:00,299.29
2013-08-20 00:00:00,300.5
2013-08-20 06:00:00,292.5
2013-08-20 12:00:00,290.90000000000003
2013-08-20 18:00:00,297.90000000000003
2013-08-21 00:00:00,299.0
2013-08-21 06:00:00,293.2
2013-08-21 12:00:00,285.90000000000003
2013-08-21 18:00:00,293.40000000000003
2013-08-22 00:00:00,295.1
2013-08-22 06:00:00,293.29
2013-08-22 12:00:00,285.7
2013-08-22 18:00:00,294.5
2013-08-23 00:00:00,295.79
2013-08-23 06:00:00,286.29
2013-08-23 12:00:00,288.90000000000003
2013-08-23 18:00:00,295.1
2013-08-24 00:00:00,295.6
2013-08-24 06:00:00,290.6
2013-08-24 12:00:00,287.40000000000003
2013-08-24 18:00:00,290.7
2013-08-25 00:00:00,295.79
2013-08-25 06:00:00,290.2
2013-08-25 12:00:00,288.7
2013-08-25 18:00:00,291.79
2013-08-26 00:00:00,294.1
2013-08-26 06:00:00,288.29
2013-08-26 12:00:00,287.90000000000003
2013-08-26 18:00:00,292.6
2013-08-27 00:00:00,292.40000000000003
2013-08-27 06:00:00,286.5
2013-08-27 12:00:00,284.90000000000003
2013-08-27 18:00:00,291.90000000000003
2013-08-28 00:00:00,293.1
2013-08-28 06:00:00,290.90000000000003
2013-08-28 12:00:00,287.79
2013-08-28 18:00:00,293.6
2013-08-29 00:00:00,296.0
2013-08-29 06:00:00,290.5
2013-08-29 12:00:00,288.6
2013-08-29 18:00:00,295.40000000000003
2013-08-30 00:00:00,298.79
2013-08-30 06:00:00,291.79
2013-08-30 12:00:00,286.6
2013-08-30 18:00:00,298.29
2013-08-31 00:00:00,299.2
2013-08-31 06:00:00,293.7
2013-08-31 12:00:00,291.40000000000003
2013-08-31 18:00:00,297.29
2013-09-01 00:00:00,298.5
2013-09-01 06:00:00,291.90000000000003
2013-09-01 12:00:00,283.5
2013-09-01 18:00:00,295.40000000000003
2013-09-02 00:00:00,298.2
2013-09-02 06:00:00,288.0
2013-09-02 12:00:00,286.5
2013-09-02 18:00:00,292.40000000000003
2013-09-03 00:00:00,293.7
2013-09-03 06:00:00,288.29
2013-09-03 12:00:00,285.7
2013-09-03 18:00:00,294.29
2013-09-04 00:00:00,295.1
2013-09-04 06:00:00,292.6
2013-09-04 12:00:00,286.2
2013-09-04 18:00:00,294.2
2013-09-05 00:00:00,297.40000000000003
2013-09-05 06:00:00,295.6
2013-09-05 12:00:00,289.7
2013-09-05 18:00:00,296.40000000000003
2013-09-06 00:00:00,298.6
2013-09-06 06:00:00,294.90000000000003
2013-09-06 12:00:00,286.29
2013-09-06 18:00:00,296.5
2013-09-07 00:00:00,296.1
2013-09-07 06:00:00,292.79
2013-09-07 12:00:00,287.29
2013-09-07 18:00:00,294.1
2013-09-08 00:00:00,295.7
2013-09-08 06:00:00,291.6
2013-09-08 12:00:00,285.6
2013-09-08 18:00:00,291.40000000000003
2013-09-09 00:00:00,289.6
2013-09-09 06:00:00,288.40000000000003
2013-09-09 12:00:00,284.2
2013-09-09 18:00:00,289.90000000000003
2013-09-10 00:00:00,292.0
2013-09-10 06:00:00,285.5
2013-09-10 12:00:00,282.29
2013-09-10 18:00:00,289.7
2013-09-11 00:00:00,290.2
2013-09-11 06:00:00,285.5
2013-09-11 12:00:00,284.6
2013-09-11 18:00:00,290.2
2013-09-12 00:00:00,289.0
2013-09-12 06:00:00,286.90000000000003
2013-09-12 12:00:00,283.90000000000003
2013-09-12 18:00:00,288.40000000000003
2013-09-13 00:00:00,286.90000000000003
2013-09-13 06:00:00,284.6
2013-09-13 12:00:00,282.79
2013-09-13 18:00:00,288.79
2013-09-14 00:00:00,287.1
2013-09-14 06:00:00,283.40000000000003
2013-09-14 12:00:00,281.6
2013-09-14 18:00:00,286.79
2013-09-15 00:00:00,286.29
2013-09-15 06:00:00,283.0
2013-09-15 12:00:00,283.7
2013-09-15 18:00:00,287.1
2013-09-16 00:00:00,285.90000000000003
2013-09-16 06:00:00,283.6
2013-09-16 12:00:00,285.0
2013-09-16 18:00:00,288.0
2013-09-17 00:00:00,293.0
2013-09-17 06:00:00,286.7
2013-09-17 12:00:00,285.40000000000003
2013-09-17 18:00:00,290.0
2013-09-18 00:00:00,289.2
2013-09-18 06:00:00,283.5
2013-09-18 12:00:00,281.2
2013-09-18 18:00:00,283.1
2013-09-19 00:00:00,284.5
2013-09-19 06:00:00,277.0
2013-09-19 12:00:00,274.5
2013-09-19 18:00:00,281.5
2013-09-20 00:00:00,285.5
2013-09-20 06:00:00,282.5
2013-09-20 12:00:00,270.7
2013-09-20 18:00:00,286.90000000000003
2013-09-21 00:00:00,289.6
2013-09-21 06:00:00,280.79
2013-09-21 12:00:00,283.90000000000003
2013-09-21 18:00:00,291.5
2013-09-22 00:00:00,293.7
2013-09-22 06:00:00,287.29
2013-09-22 12:00:00,287.40000000000003
2013-09-22 18:00:00,288.79
2013-09-23 00:00:00,285.29
2013-09-23 06:00:00,281.5
2013-09-23 12:00:00,278.7
2013-09-23 18:00:00,283.40000000000003
2013-09-24 00:00:00,285.1
2013-09-24 06:00:00,278.90000000000003
2013-09-24 12:00:00,277.7
2013-09-24 18:00:00,286.5
2013-09-25 00:00:00,291.79
2013-09-25 06:00:00,286.2
2013-09-25 12:00:00,278.90000000000003
2013-09-25 18:00:00,284.2
2013-09-26 00:00:00,278.29
2013-09-26 06:00:00,275.7
2013-09-26 12:00:00,270.9
2013-09-26 18:00:00,276.0
2013-09-27 00:00:00,276.79
2013-09-27 06:00:00,273.40000000000003
2013-09-27 12:00:00,272.0
2013-09-27 18:00:00,271.9
2013-09-28 00:00:00,274.40000000000003
2013-09-28 06:00:00,271.4
2013-09-28 12:00:00,272.6
2013-09-28 18:00:00,277.6
2013-09-29 00:00:00,281.7
2013-09-29 06:00:00,276.2
2013-09-29 12:00:00,280.7
2013-09-29 18:00:00,280.0
2013-09-30 00:00:00,281.5
2013-09-30 06:00:00,280.40000000000003
2013-09-30 12:00:00,279.29
2013-09-30 18:00:00,280.40000000000003
2013-10-01 00:00:00,283.29
2013-10-01 06:00:00,280.0
2013-10-01 12:00:00,279.7
2013-10-01 18:00:00,284.0
2013-10-02 00:00:00,288.40000000000003
2013-10-02 06:00:00,282.5
2013-10-02 12:00:00,278.2
2013-10-02 18:00:00,284.0
2013-10-03 00:00:00,280.90000000000003
2013-10-03 06:00:00,277.6
2013-10-03 12:00:00,275.0
2013-10-03 18:00:00,274.90000000000003
2013-10-04 00:00:00,274.40000000000003
2013-10-04 06:00:00,271.2
2013-10-04 12:00:00,268.6
2013-10-04 18:00:00,270.0
2013-10-05 00:00:00,272.0
2013-10-05 06:00:00,269.4
2013-10-05 12:00:00,266.9
2013-10-05 18:00:00,272.7
2013-10-06 00:00:00,275.29
2013-10-06 06:00:00,271.1
2013-10-06 12:00:00,273.40000000000003
2013-10-06 18:00:00,275.5
2013-10-07 00:00:00,276.5
2013-10-07 06:00:00,270.5
2013-10-07 12:00:00,273.2
2013-10-07 18:00:00,276.6
2013-10-08 00:00:00,280.90000000000003
2013-10-08 06:00:00,277.5
2013-10-08 12:00:00,278.79
2013-10-08 18:00:00,278.1
2013-10-09 00:00:00,281.1
2013-10-09 06:00:00,273.90000000000003
2013-10-09 12:00:00,273.7
2013-10-09 18:00:00,281.0
2013-10-10 00:00:00,281.29
2013-10-10 06:00:00,275.40000000000003
2013-10-10 12:00:00,275.2
2013-10-10 18:00:00,278.2
2013-10-11 00:00:00,278.2
2013-10-11 06:00:00,274.6
2013-10-11 12:00:00,271.6
2013-10-11 18:00:00,276.7
2013-10-12 00:00:00,277.79
2013-10-12 06:00:00,276.2
2013-10-12 12:00:00,267.4
2013-10-12 18:00:00,275.90000000000003
2013-10-13 00:00:00,280.1
2013-10-13 06:00:00,275.0
2013-10-13 12:00:00,276.2
2013-10-13 18:00:00,279.7
2013-10-14 00:00:00,276.29
2013-10-14 06:00:00,274.6
2013-10-14 12:00:00,272.7
2013-10-14 18:00:00,272.2
2013-10-15 00:00:00,273.2
2013-10-15 06:00:00,268.1
2013-10-15 12:00:00,268.29
2013-10-15 18:00:00,270.0
2013-10-16 00:00:00,271.79
2013-10-16 06:00:00,266.6
2013-10-16 12:00:00,268.5
2013-10-16 18:00:00,270.9
2013-10-17 00:00:00,275.29
2013-10-17 06:00:00,271.29
2013-10-17 12:00:00,269.79
2013-10-17 18:00:00,273.90000000000003
2013-10-18 00:00:00,274.29
2013-10-18 06:00:00,269.7
2013-10-18 12:00:00,266.29
2013-10-18 18:00:00,272.9
2013-10-19 00:00:00,275.40000000000003
2013-10-19 06:00:00,272.2
2013-10-19 12:00:00,271.79
2013-10-19 18:00:00,277.40000000000003
2013-10-20 00:00:00,280.1
2013-10-20 06:00:00,273.6
2013-10-20 12:00:00,274.7
2013-10-20 18:00:00,276.0
2013-10-21 00:00:00,277.0
2013-10-21 06:00:00,271.6
2013-10-21 12:00:00,272.79
2013-10-21 18:00:00,278.6
2013-10-22 00:00:00,280.1
2013-10-22 06:00:00,276.2
2013-10-22 12:00:00,277.40000000000003
2013-10-22 18:00:00,281.7
2013-10-23 00:00:00,283.2
2013-10-23 06:00:00,278.5
2013-10-23 12:00:00,278.2
2013-10-23 18:00:00,281.0
2013-10-24 00:00:00,283.90000000000003
2013-10-24 06:00:00,282.0
2013-10-24 12:00:00,276.79
2013-10-24 18:00:00,282.1
2013-10-25 00:00:00,284.1
2013-10-25 06:00:00,282.29
2013-10-25 12:00:00,276.90000000000003
2013-10-25 18:00:00,282.29
2013-10-26 00:00:00,284.6
2013-10-26 06:00:00,277.1
2013-10-26 12:00:00,274.2
2013-10-26 18:00:00,281.6
2013-10-27 00:00:00,284.29
2013-10-27 06:00:00,278.40000000000003
2013-10-27 12:00:00,278.6
2013-10-27 18:00:00,281.1
2013-10-28 00:00:00,284.1
2013-10-28 06:00:00,277.6
2013-10-28 12:00:00,276.79
2013-10-28 18:00:00,279.7
2013-10-29 00:00:00,277.2
2013-10-29 06:00:00,271.7
2013-10-29 12:00:00,270.4
2013-10-29 18:00:00,271.5
2013-10-30 00:00:00,271.5
2013-10-30 06:00:00,269.1
2013-10-30 12:00:00,269.0
2013-10-30 18:00:00,270.5
2013-10-31 00:00:00,270.2
2013-10-31 06:00:00,268.5
2013-10-31 12:00:00,268.4
2013-10-31 18:00:00,269.9
2013-11-01 00:00:00,274.1
2013-11-01 06:00:00,272.29
2013-11-01 12:00:00,270.2
2013-11-01 18:00:00,271.6
2013-11-02 00:00:00,274.5
2013-11-02 06:00:00,269.79
2013-11-02 12:00:00,273.2
2013-11-02 18:00:00,274.5
2013-11-03 00:00:00,278.7
2013-11-03 06:00:00,274.6
2013-11-03 12:00:00,274.2
2013-11-03 18:00:00,269.2
2013-11-04 00:00:00,267.9
2013-11-04 06:00:00,263.5
2013-11-04 12:00:00,262.4
2013-11-04 18:00:00,265.29
2013-11-05 00:00:00,267.29
2013-11-05 06:00:00,261.79
2013-11-05 12:00:00,258.6
2013-11-05 18:00:00,263.5
2013-11-06 00:00:00,266.2
2013-11-06 06:00:00,264.29
2013-11-06 12:00:00,269.5
2013-11-06 18:00:00,271.4
2013-11-07 00:00:00,273.40000000000003
2013-11-07 06:00:00,270.29
2013-11-07 12:00:00,272.79
2013-11-07 18:00:00,274.2
2013-11-08 00:00:00,275.0
2013-11-08 06:00:00,275.29
2013-11-08 12:00:00,276.29
2013-11-08 18:00:00,274.7
2013-11-09 00:00:00,274.6
2013-11-09 06:00:00,273.2
2013-11-09 12:00:00,271.79
2013-11-09 18:00:00,274.6
2013-11-10 00:00:00,277.40000000000003
2013-11-10 06:00:00,274.2
2013-11-10 12:00:00,273.0
2013-11-10 18:00:00,275.79
2013-11-11 00:00:00,278.0
2013-11-11 06:00:00,276.2
2013-11-11 12:00:00,275.5
2013-11-11 18:00:00,279.40000000000003
2013-11-12 00:00:00,281.29
2013-11-12 06:00:00,276.29
2013-11-12 12:00:00,274.6
2013-11-12 18:00:00,278.90000000000003
2013-11-13 00:00:00,283.7
2013-11-13 06:00:00,278.6
2013-11-13 12:00:00,277.2
2013-11-13 18:00:00,278.29
2013-11-14 00:00:00,279.79
2013-11-14 06:00:00,272.2
2013-11-14 12:00:00,270.5
2013-11-14 18:00:00,271.79
2013-11-15 00:00:00,277.40000000000003
2013-11-15 06:00:00,269.1
2013-11-15 12:00:00,269.7
2013-11-15 18:00:00,271.0
2013-11-16 00:00:00,270.9
2013-11-16 06:00:00,266.5
2013-11-16 12:00:00,268.7
2013-11-16 18:00:00,268.79
2013-11-17 00:00:00,269.29
2013-11-17 06:00:00,265.29
2013-11-17 12:00:00,265.79
2013-11-17 18:00:00,268.1
2013-11-18 00:00:00,269.6
2013-11-18 06:00:00,267.5
2013-11-18 12:00:00,270.9
2013-11-18 18:00:00,273.7
2013-11-19 00:00:00,278.0
2013-11-19 06:00:00,273.7
2013-11-19 12:00:00,277.1
2013-11-19 18:00:00,274.2
2013-11-20 00:00:00,274.40000000000003
2013-11-20 06:00:00,271.0
2013-11-20 12:00:00,270.9
2013-11-20 18:00:00,273.5
2013-11-21 00:00:00,275.79
2013-11-21 06:00:00,269.9
2013-11-21 12:00:00,265.29
2013-11-21 18:00:00,263.5
2013-11-22 00:00:00,262.79
2013-11-22 06:00:00,255.3
2013-11-22 12:00:00,252.8
2013-11-22 18:00:00,259.79
2013-11-23 00:00:00,266.1
2013-11-23 06:00:00,261.6
2013-11-23 12:00:00,262.0
2013-11-23 18:00:00,266.0
2013-11-24 00:00:00,270.1
2013-11-24 06:00:00,263.29
2013-11-24 12:00:00,260.7
2013-11-24 18:00:00,265.2
2013-11-25 00:00:00,269.7
2013-11-25 06:00:00,263.79
2013-11-25 12:00:00,267.2
2013-11-25 18:00:00,266.6
2013-11-26 00:00:00,273.2
2013-11-26 06:00:00,267.9
2013-11-26 12:00:00,269.29
2013-11-26 18:00:00,269.2
2013-11-27 00:00:00,273.5
2013-11-27 06:00:00,269.9
2013-11-27 12:00:00,272.29
2013-11-27 18:00:00,271.7
2013-11-28 00:00:00,274.79
2013-11-28 06:00:00,266.1
2013-11-28 12:00:00,268.0
2013-11-28 18:00:00,269.2
2013-11-29 00:00:00,275.29
2013-11-29 06:00:00,267.9
2013-11-29 12:00:00,270.79
2013-11-29 18:00:00,270.29
2013-11-30 00:00:00,274.40000000000003
2013-11-30 06:00:00,268.4
2013-11-30 12:00:00,266.2
2013-11-30 18:00:00,268.9
2013-12-01 00:00:00,273.90000000000003
2013-12-01 06:00:00,269.5
2013-12-01 12:00:00,273.79
2013-12-01 18:00:00,272.79
2013-12-02 00:00:00,274.1
2013-12-02 06:00:00,274.0
2013-12-02 12:00:00,275.79
2013-12-02 18:00:00,274.7
2013-12-03 00:00:00,275.2
2013-12-03 06:00:00,270.9
2013-12-03 12:00:00,267.1
2013-12-03 18:00:00,263.7
2013-12-04 00:00:00,257.2
2013-12-04 06:00:00,250.89000000000001
2013-12-04 12:00:00,248.0
2013-12-04 18:00:00,248.20000000000002
2013-12-05 00:00:00,253.3
2013-12-05 06:00:00,252.20000000000002
2013-12-05 12:00:00,250.39000000000001
2013-12-05 18:00:00,250.5
2013-12-06 00:00:00,254.20000000000002
2013-12-06 06:00:00,254.3
2013-12-06 12:00:00,248.6
2013-12-06 18:00:00,251.0
2013-12-07 00:00:00,254.0
2013-12-07 06:00:00,253.1
2013-12-07 12:00:00,255.70000000000002
2013-12-07 18:00:00,258.2
2013-12-08 00:00:00,259.5
2013-12-08 06:00:00,257.2
2013-12-08 12:00:00,254.5
2013-12-08 18:00:00,251.0
2013-12-09 00:00:00,253.89000000000001
2013-12-09 06:00:00,249.20000000000002
2013-12-09 12:00:00,248.6
2013-12-09 18:00:00,251.39000000000001
2013-12-10 00:00:00,255.70000000000002
2013-12-10 06:00:00,253.5
2013-12-10 12:00:00,256.8
2013-12-10 18:00:00,262.5
2013-12-11 00:00:00,261.29
2013-12-11 06:00:00,256.6
2013-12-11 12:00:00,258.0
2013-12-11 18:00:00,260.4
2013-12-12 00:00:00,264.4
2013-12-12 06:00:00,263.0
2013-12-12 12:00:00,262.7
2013-12-12 18:00:00,265.79
2013-12-13 00:00:00,271.7
2013-12-13 06:00:00,265.29
2013-12-13 12:00:00,266.2
2013-12-13 18:00:00,265.29
2013-12-14 00:00:00,268.2
2013-12-14 06:00:00,263.6
2013-12-14 12:00:00,263.0
2013-12-14 18:00:00,263.7
2013-12-15 00:00:00,269.7
2013-12-15 06:00:00,266.1
2013-12-15 12:00:00,265.9
2013-12-15 18:00:00,268.29
2013-12-16 00:00:00,272.7
2013-12-16 06:00:00,268.9
2013-12-16 12:00:00,269.5
2013-12-16 18:00:00,270.29
2013-12-17 00:00:00,272.6
2013-12-17 06:00:00,269.6
2013-12-17 12:00:00,269.0
2013-12-17 18:00:00,270.5
2013-12-18 00:00:00,277.6
2013-12-18 06:00:00,270.9
2013-12-18 12:00:00,275.1
2013-12-18 18:00:00,271.79
2013-12-19 00:00:00,274.7
2013-12-19 06:00:00,270.9
2013-12-19 12:00:00,270.29
2013-12-19 18:00:00,271.4
2013-12-20 00:00:00,263.5
2013-12-20 06:00:00,259.4
2013-12-20 12:00:00,259.6
2013-12-20 18:00:00,259.4
2013-12-21 00:00:00,260.9
2013-12-21 06:00:00,259.79
2013-12-21 12:00:00,262.1
2013-12-21 18:00:00,265.7
2013-12-22 00:00:00,265.5
2013-12-22 06:00:00,260.5
2013-12-22 12:00:00,261.1
2013-12-22 18:00:00,264.9
2013-12-23 00:00:00,268.0
2013-12-23 06:00:00,265.6
2013-12-23 12:00:00,268.0
2013-12-23 18:00:00,270.2
2013-12-24 00:00:00,273.6
2013-12-24 06:00:00,270.9
2013-12-24 12:00:00,272.7
2013-12-24 18:00:00,266.79
2013-12-25 00:00:00,266.7
2013-12-25 06:00:00,261.79
2013-12-25 12:00:00,264.79
2013-12-25 18:00:00,261.2
2013-12-26 00:00:00,266.4
2013-12-26 06:00:00,264.1
2013-12-26 12:00:00,268.6
2013-12-26 18:00:00,265.5
2013-12-27 00:00:00,270.79
2013-12-27 06:00:00,269.79
2013-12-27 12:00:00,272.6
2013-12-27 18:00:00,271.1
2013-12-28 00:00:00,273.6
2013-12-28 06:00:00,267.5
2013-12-28 12:00:00,268.79
2013-12-28 18:00:00,267.79
2013-12-29 00:00:00,267.6
2013-12-29 06:00:00,263.5
2013-12-29 12:00:00,258.2
2013-12-29 18:00:00,259.4
2013-12-30 00:00:00,263.7
2013-12-30 06:00:00,262.1
2013-12-30 12:00:00,265.1
2013-12-30 18:00:00,265.79
2013-12-31 00:00:00,269.1
2013-12-31 06:00:00,267.79
2013-12-31 12:00:00,271.4
2013-12-31 18:00:00,269.1
2014-01-01 00:00:00,271.0
2014-01-01 06:00:00,270.4
2014-01-01 12:00:00,267.6
2014-01-01 18:00:00,265.79
2014-01-02 00:00:00,266.79
2014-01-02 06:00:00,263.7
2014-01-02 12:00:00,265.5
2014-01-02 18:00:00,267.6
2014-01-03 00:00:00,272.7
2014-01-03 06:00:00,267.6
2014-01-03 12:00:00,270.7
2014-01-03 18:00:00,271.79
2014-01-04 00:00:00,274.1
2014-01-04 06:00:00,268.29
2014-01-04 12:00:00,263.4
2014-01-04 18:00:00,260.29
2014-01-05 00:00:00,262.79
2014-01-05 06:00:00,257.2
2014-01-05 12:00:00,256.7
2014-01-05 18:00:00,256.39
2014-01-06 00:00:00,258.29
2014-01-06 06:00:00,253.0
2014-01-06 12:00:00,258.4
2014-01-06 18:00:00,260.79
2014-01-07 00:00:00,266.0
2014-01-07 06:00:00,260.29
2014-01-07 12:00:00,262.0
2014-01-07 18:00:00,265.29
2014-01-08 00:00:00,268.79
2014-01-08 06:00:00,265.1
2014-01-08 12:00:00,266.29
2014-01-08 18:00:00,268.5
2014-01-09 00:00:00,270.7
2014-01-09 06:00:00,266.5
2014-01-09 12:00:00,268.2
2014-01-09 18:00:00,268.7
2014-01-10 00:00:00,267.6
2014-01-10 06:00:00,261.2
2014-01-10 12:00:00,263.4
2014-01-10 18:00:00,269.29
2014-01-11 00:00:00,270.4
2014-01-11 06:00:00,267.0
2014-01-11 12:00:00,270.0
2014-01-11 18:00:00,272.6
2014-01-12 00:00:00,277.40000000000003
2014-01-12 06:00:00,272.0
2014-01-12 12:00:00,269.79
2014-01-12 18:00:00,265.1
2014-01-13 00:00:00,268.2
2014-01-13 06:00:00,265.1
2014-01-13 12:00:00,269.1
2014-01-13 18:00:00,268.6
2014-01-14 00:00:00,271.1
2014-01-14 06:00:00,268.9
2014-01-14 12:00:00,265.7
2014-01-14 18:00:00,268.5
2014-01-15 00:00:00,270.1
2014-01-15 06:00:00,266.29
2014-01-15 12:00:00,268.7
2014-01-15 18:00:00,268.29
2014-01-16 00:00:00,275.2
2014-01-16 06:00:00,267.7
2014-01-16 12:00:00,267.6
2014-01-16 18:00:00,266.5
2014-01-17 00:00:00,270.1
2014-01-17 06:00:00,265.4
2014-01-17 12:00:00,265.5
2014-01-17 18:00:00,268.0
2014-01-18 00:00:00,270.79
2014-01-18 06:00:00,266.0
2014-01-18 12:00:00,268.0
2014-01-18 18:00:00,266.79
2014-01-19 00:00:00,270.5
2014-01-19 06:00:00,266.7
2014-01-19 12:00:00,270.29
2014-01-19 18:00:00,267.9
2014-01-20 00:00:00,275.7
2014-01-20 06:00:00,269.29
2014-01-20 12:00:00,269.6
2014-01-20 18:00:00,269.7
2014-01-21 00:00:00,271.6
2014-01-21 06:00:00,266.7
2014-01-21 12:00:00,269.0
2014-01-21 18:00:00,267.7
2014-01-22 00:00:00,275.1
2014-01-22 06:00:00,269.0
2014-01-22 12:00:00,269.1
2014-01-22 18:00:00,265.9
2014-01-23 00:00:00,270.9
2014-01-23 06:00:00,263.6
2014-01-23 12:00:00,263.4
2014-01-23 18:00:00,262.9
2014-01-24 00:00:00,268.2
2014-01-24 06:00:00,263.5
2014-01-24 12:00:00,264.5
2014-01-24 18:00:00,265.79
2014-01-25 00:00:00,272.1
2014-01-25 06:00:00,268.2
2014-01-25 12:00:00,267.29
2014-01-25 18:00:00,265.5
2014-01-26 00:00:00,272.6
2014-01-26 06:00:00,266.7
2014-01-26 12:00:00,266.1
2014-01-26 18:00:00,267.9
2014-01-27 00:00:00,270.1
2014-01-27 06:00:00,264.5
2014-01-27 12:00:00,262.7
2014-01-27 18:00:00,265.4
2014-01-28 00:00:00,265.2
2014-01-28 06:00:00,258.2
2014-01-28 12:00:00,259.6
2014-01-28 18:00:00,260.9
2014-01-29 00:00:00,266.79
2014-01-29 06:00:00,264.0
2014-01-29 12:00:00,267.79
2014-01-29 18:00:00,270.5
2014-01-30 00:00:00,275.1
2014-01-30 06:00:00,270.6
2014-01-30 12:00:00,267.2
2014-01-30 18:00:00,267.79
2014-01-31 00:00:00,267.5
2014-01-31 06:00:00,263.79
2014-01-31 12:00:00,259.2
2014-01-31 18:00:00,261.29
2014-02-01 00:00:00,265.4
2014-02-01 06:00:00,258.9
2014-02-01 12:00:00,259.1
2014-02-01 18:00:00,259.2
2014-02-02 00:00:00,262.29
2014-02-02 06:00:00,256.9
2014-02-02 12:00:00,258.5
2014-02-02 18:00:00,261.6
2014-02-03 00:00:00,264.79
2014-02-03 06:00:00,256.5
2014-02-03 12:00:00,256.0
2014-02-03 18:00:00,261.29
2014-02-04 00:00:00,266.7
2014-02-04 06:00:00,262.6
2014-02-04 12:00:00,261.9
2014-02-04 18:00:00,258.0
2014-02-05 00:00:00,256.7
2014-02-05 06:00:00,250.20000000000002
2014-02-05 12:00:00,252.39000000000001
2014-02-05 18:00:00,255.6
2014-02-06 00:00:00,257.9
2014-02-06 06:00:00,252.6
2014-02-06 12:00:00,256.39
2014-02-06 18:00:00,262.1
2014-02-07 00:00:00,264.4
2014-02-07 06:00:00,263.79
2014-02-07 12:00:00,266.2
2014-02-07 18:00:00,268.9
2014-02-08 00:00:00,267.29
2014-02-08 06:00:00,265.29
2014-02-08 12:00:00,269.1
2014-02-08 18:00:00,272.0
2014-02-09 00:00:00,269.4
2014-02-09 06:00:00,271.5
2014-02-09 12:00:00,274.40000000000003
2014-02-09 18:00:00,273.2
2014-02-10 00:00:00,271.79
2014-02-10 06:00:00,268.79
2014-02-10 12:00:00,270.79
2014-02-10 18:00:00,268.1
2014-02-11 00:00:00,269.4
2014-02-11 06:00:00,264.79
2014-02-11 12:00:00,266.9
2014-02-11 18:00:00,269.0
2014-02-12 00:00:00,273.1
2014-02-12 06:00:00,267.1
2014-02-12 12:00:00,268.5
2014-02-12 18:00:00,271.0
2014-02-13 00:00:00,274.79
2014-02-13 06:00:00,272.79
2014-02-13 12:00:00,272.0
2014-02-13 18:00:00,274.40000000000003
2014-02-14 00:00:00,274.2
2014-02-14 06:00:00,269.0
2014-02-14 12:00:00,265.7
2014-02-14 18:00:00,270.6
2014-02-15 00:00:00,275.40000000000003
2014-02-15 06:00:00,274.29
2014-02-15 12:00:00,276.6
2014-02-15 18:00:00,277.40000000000003
2014-02-16 00:00:00,277.0
2014-02-16 06:00:00,275.79
2014-02-16 12:00:00,274.79
2014-02-16 18:00:00,277.1
2014-02-17 00:00:00,273.5
2014-02-17 06:00:00,266.2
2014-02-17 12:00:00,268.2
2014-02-17 18:00:00,269.9
2014-02-18 00:00:00,275.29
2014-02-18 06:00:00,272.1
2014-02-18 12:00:00,271.9
2014-02-18 18:00:00,270.29
2014-02-19 00:00:00,272.79
2014-02-19 06:00:00,267.9
2014-02-19 12:00:00,271.7
2014-02-19 18:00:00,272.2
2014-02-20 00:00:00,267.2
2014-02-20 06:00:00,260.5
2014-02-20 12:00:00,261.6
2014-02-20 18:00:00,263.7
2014-02-21 00:00:00,266.2
2014-02-21 06:00:00,265.5
2014-02-21 12:00:00,265.9
2014-02-21 18:00:00,266.5
2014-02-22 00:00:00,269.1
2014-02-22 06:00:00,266.9
2014-02-22 12:00:00,265.4
2014-02-22 18:00:00,268.29
2014-02-23 00:00:00,267.79
2014-02-23 06:00:00,266.0
2014-02-23 12:00:00,265.79
2014-02-23 18:00:00,270.29
2014-02-24 00:00:00,272.1
2014-02-24 06:00:00,271.1
2014-02-24 12:00:00,272.7
2014-02-24 18:00:00,273.90000000000003
2014-02-25 00:00:00,275.29
2014-02-25 06:00:00,268.9
2014-02-25 12:00:00,272.79
2014-02-25 18:00:00,273.79
2014-02-26 00:00:00,272.9
2014-02-26 06:00:00,263.6
2014-02-26 12:00:00,264.6
2014-02-26 18:00:00,270.29
2014-02-27 00:00:00,275.40000000000003
2014-02-27 06:00:00,269.1
2014-02-27 12:00:00,275.5
2014-02-27 18:00:00,273.90000000000003
2014-02-28 00:00:00,275.6
2014-02-28 06:00:00,272.79
2014-02-28 12:00:00,274.40000000000003
2014-02-28 18:00:00,274.7
2014-03-01 00:00:00,272.5
2014-03-01 06:00:00,272.29
2014-03-01 12:00:00,270.5
2014-03-01 18:00:00,275.0
2014-03-02 00:00:00,274.29
2014-03-02 06:00:00,270.6
2014-03-02 12:00:00,271.4
2014-03-02 18:00:00,273.2
2014-03-03 00:00:00,273.79
2014-03-03 06:00:00,271.7
2014-03-03 12:00:00,274.5
2014-03-03 18:00:00,272.1
2014-03-04 00:00:00,274.79
2014-03-04 06:00:00,272.29
2014-03-04 12:00:00,274.7
2014-03-04 18:00:00,273.40000000000003
2014-03-05 00:00:00,274.2
2014-03-05 06:00:00,267.6
2014-03-05 12:00:00,267.7
2014-03-05 18:00:00,271.5
2014-03-06 00:00:00,276.5
2014-03-06 06:00:00,274.1
2014-03-06 12:00:00,276.29
2014-03-06 18:00:00,276.6
2014-03-07 00:00:00,279.1
2014-03-07 06:00:00,272.9
2014-03-07 12:00:00,271.29
2014-03-07 18:00:00,270.4
2014-03-08 00:00:00,273.40000000000003
2014-03-08 06:00:00,268.7
2014-03-08 12:00:00,266.7
2014-03-08 18:00:00,270.9
2014-03-09 00:00:00,276.6
2014-03-09 06:00:00,271.79
2014-03-09 12:00:00,275.40000000000003
2014-03-09 18:00:00,274.1
2014-03-10 00:00:00,280.1
2014-03-10 06:00:00,275.79
2014-03-10 12:00:00,276.90000000000003
2014-03-10 18:00:00,276.90000000000003
2014-03-11 00:00:00,277.5
2014-03-11 06:00:00,272.0
2014-03-11 12:00:00,268.79
2014-03-11 18:00:00,269.4
2014-03-12 00:00:00,270.5
2014-03-12 06:00:00,264.9
2014-03-12 12:00:00,261.2
2014-03-12 18:00:00,268.2
2014-03-13 00:00:00,273.29
2014-03-13 06:00:00,267.29
2014-03-13 12:00:00,267.79
2014-03-13 18:00:00,270.6
2014-03-14 00:00:00,277.0
2014-03-14 06:00:00,269.1
2014-03-14 12:00:00,266.4
2014-03-14 18:00:00,270.79
2014-03-15 00:00:00,275.0
2014-03-15 06:00:00,271.1
2014-03-15 12:00:00,269.79
2014-03-15 18:00:00,270.1
2014-03-16 00:00:00,272.9
2014-03-16 06:00:00,267.9
2014-03-16 12:00:00,271.0
2014-03-16 18:00:00,274.0
2014-03-17 00:00:00,276.90000000000003
2014-03-17 06:00:00,272.2
2014-03-17 12:00:00,276.1
2014-03-17 18:00:00,275.6
2014-03-18 00:00:00,270.79
2014-03-18 06:00:00,266.5
2014-03-18 12:00:00,267.29
2014-03-18 18:00:00,269.7
2014-03-19 00:00:00,269.79
2014-03-19 06:00:00,263.79
2014-03-19 12:00:00,263.0
2014-03-19 18:00:00,267.9
2014-03-20 00:00:00,273.7
2014-03-20 06:00:00,268.79
2014-03-20 12:00:00,269.29
2014-03-20 18:00:00,273.40000000000003
2014-03-21 00:00:00,275.0
2014-03-21 06:00:00,268.1
2014-03-21 12:00:00,265.7
2014-03-21 18:00:00,270.1
2014-03-22 00:00:00,270.6
2014-03-22 06:00:00,264.29
2014-03-22 12:00:00,262.1
2014-03-22 18:00:00,267.6
2014-03-23 00:00:00,270.1
2014-03-23 06:00:00,265.5
2014-03-23 12:00:00,266.1
2014-03-23 18:00:00,270.0
2014-03-24 00:00:00,273.2
2014-03-24 06:00:00,268.2
2014-03-24 12:00:00,262.79
2014-03-24 18:00:00,270.9
2014-03-25 00:00:00,274.2
2014-03-25 06:00:00,269.9
2014-03-25 12:00:00,269.7
2014-03-25 18:00:00,275.2
2014-03-26 00:00:00,276.7
2014-03-26 06:00:00,272.29
2014-03-26 12:00:00,273.0
2014-03-26 18:00:00,273.90000000000003
2014-03-27 00:00:00,274.90000000000003
2014-03-27 06:00:00,269.9
2014-03-27 12:00:00,270.4
2014-03-27 18:00:00,271.9
2014-03-28 00:00:00,271.5
2014-03-28 06:00:00,267.7
2014-03-28 12:00:00,267.29
2014-03-28 18:00:00,271.5
2014-03-29 00:00:00,274.0
2014-03-29 06:00:00,270.7
2014-03-29 12:00:00,273.2
2014-03-29 18:00:00,275.79
2014-03-30 00:00:00,277.79
2014-03-30 06:00:00,273.29
2014-03-30 12:00:00,275.40000000000003
2014-03-30 18:00:00,277.1
2014-03-31 00:00:00,275.2
2014-03-31 06:00:00,270.5
2014-03-31 12:00:00,267.1
2014-03-31 18:00:00,270.1
2014-04-01 00:00:00,272.0
2014-04-01 06:00:00,264.9
2014-04-01 12:00:00,268.9
2014-04-01 18:00:00,272.2
2014-04-02 00:00:00,272.4
2014-04-02 06:00:00,270.1
2014-04-02 12:00:00,267.1
2014-04-02 18:00:00,267.29
2014-04-03 00:00:00,272.4
2014-04-03 06:00:00,265.4
2014-04-03 12:00:00,263.7
2014-04-03 18:00:00,270.7
2014-04-04 00:00:00,272.6
2014-04-04 06:00:00,268.29
2014-04-04 12:00:00,264.6
2014-04-04 18:00:00,270.29
2014-04-05 00:00:00,274.6
2014-04-05 06:00:00,270.79
2014-04-05 12:00:00,268.5
2014-04-05 18:00:00,273.0
2014-04-06 00:00:00,274.5
2014-04-06 06:00:00,268.5
2014-04-06 12:00:00,267.0
2014-04-06 18:00:00,271.5
2014-04-07 00:00:00,274.7
2014-04-07 06:00:00,270.5
2014-04-07 12:00:00,269.29
2014-04-07 18:00:00,273.29
2014-04-08 00:00:00,278.0
2014-04-08 06:00:00,273.40000000000003
2014-04-08 12:00:00,277.29
2014-04-08 18:00:00,277.7
2014-04-09 00:00:00,281.79
2014-04-09 06:00:00,276.79
2014-04-09 12:00:00,279.90000000000003
2014-04-09 18:00:00,278.79
2014-04-10 00:00:00,282.7
2014-04-10 06:00:00,277.0
2014-04-10 12:00:00,274.79
2014-04-10 18:00:00,276.90000000000003
2014-04-11 00:00:00,280.0
2014-04-11 06:00:00,274.5
2014-04-11 12:00:00,272.4
2014-04-11 18:00:00,277.2
2014-04-12 00:00:00,283.1
2014-04-12 06:00:00,279.6
2014-04-12 12:00:00,277.79
2014-04-12 18:00:00,278.40000000000003
2014-04-13 00:00:00,279.1
2014-04-13 06:00:00,273.90000000000003
2014-04-13 12:00:00,269.5
2014-04-13 18:00:00,269.2
2014-04-14 00:00:00,269.2
2014-04-14 06:00:00,265.1
2014-04-14 12:00:00,262.4
2014-04-14 18:00:00,269.6
2014-04-15 00:00:00,273.6
2014-04-15 06:00:00,268.7
2014-04-15 12:00:00,270.79
2014-04-15 18:00:00,275.0
2014-04-16 00:00:00,277.5
2014-04-16 06:00:00,270.9
2014-04-16 12:00:00,268.6
2014-04-16 18:00:00,272.6
2014-04-17 00:00:00,275.29
2014-04-17 06:00:00,272.7
2014-04-17 12:00:00,268.5
2014-04-17 18:00:00,275.2
2014-04-18 00:00:00,279.5
2014-04-18 06:00:00,273.7
2014-04-18 12:00:00,279.40000000000003
2014-04-18 18:00:00,277.6
2014-04-19 00:00:00,280.29
2014-04-19 06:00:00,275.29
2014-04-19 12:00:00,272.2
2014-04-19 18:00:00,279.0
2014-04-20 00:00:00,283.6
2014-04-20 06:00:00,275.90000000000003
2014-04-20 12:00:00,278.6
2014-04-20 18:00:00,281.1
2014-04-21 00:00:00,282.29
2014-04-21 06:00:00,277.6
2014-04-21 12:00:00,275.5
2014-04-21 18:00:00,279.5
2014-04-22 00:00:00,284.7
2014-04-22 06:00:00,275.1
2014-04-22 12:00:00,279.6
2014-04-22 18:00:00,279.79
2014-04-23 00:00:00,282.90000000000003
2014-04-23 06:00:00,272.79
2014-04-23 12:00:00,271.79
2014-04-23 18:00:00,271.1
2014-04-24 00:00:00,273.90000000000003
2014-04-24 06:00:00,268.6
2014-04-24 12:00:00,269.29
2014-04-24 18:00:00,274.29
2014-04-25 00:00:00,277.79
2014-04-25 06:00:00,275.0
2014-04-25 12:00:00,271.1
2014-04-25 18:00:00,277.40000000000003
2014-04-26 00:00:00,280.1
2014-04-26 06:00:00,277.0
2014-04-26 12:00:00,275.40000000000003
2014-04-26 18:00:00,277.6
2014-04-27 00:00:00,277.1
2014-04-27 06:00:00,272.6
2014-04-27 12:00:00,270.79
2014-04-27 18:00:00,270.5
2014-04-28 00:00:00,273.6
2014-04-28 06:00:00,269.9
2014-04-28 12:00:00,269.1
2014-04-28 18:00:00,270.4
2014-04-29 00:00:00,272.9
2014-04-29 06:00:00,269.2
2014-04-29 12:00:00,267.6
2014-04-29 18:00:00,273.29
2014-04-30 00:00:00,274.0
2014-04-30 06:00:00,271.0
2014-04-30 12:00:00,270.9
2014-04-30 18:00:00,275.2
2014-05-01 00:00:00,277.0
2014-05-01 06:00:00,273.90000000000003
2014-05-01 12:00:00,274.2
2014-05-01 18:00:00,278.90000000000003
2014-05-02 00:00:00,282.5
2014-05-02 06:00:00,275.6
2014-05-02 12:00:00,275.2
2014-05-02 18:00:00,280.2
2014-05-03 00:00:00,283.6
2014-05-03 06:00:00,277.6
2014-05-03 12:00:00,277.7
2014-05-03 18:00:00,282.90000000000003
2014-05-04 00:00:00,287.1
2014-05-04 06:00:00,281.40000000000003
2014-05-04 12:00:00,279.40000000000003
2014-05-04 18:00:00,284.6
2014-05-05 00:00:00,285.5
2014-05-05 06:00:00,282.5
2014-05-05 12:00:00,279.5
2014-05-05 18:00:00,284.2
2014-05-06 00:00:00,285.79
2014-05-06 06:00:00,276.79
2014-05-06 12:00:00,273.29
2014-05-06 18:00:00,281.5
2014-05-07 00:00:00,280.40000000000003
2014-05-07 06:00:00,275.29
2014-05-07 12:00:00,271.9
2014-05-07 18:00:00,274.29
2014-05-08 00:00:00,274.0
2014-05-08 06:00:00,272.9
2014-05-08 12:00:00,271.1
2014-05-08 18:00:00,274.29
2014-05-09 00:00:00,277.40000000000003
2014-05-09 06:00:00,272.9
2014-05-09 12:00:00,274.29
2014-05-09 18:00:00,276.5
2014-05-10 00:00:00,279.29
2014-05-10 06:00:00,272.9
2014-05-10 12:00:00,273.2
2014-05-10 18:00:00,275.2
2014-05-11 00:00:00,274.79
2014-05-11 06:00:00,271.79
2014-05-11 12:00:00,270.5
2014-05-11 18:00:00,270.6
2014-05-12 00:00:00,273.29
2014-05-12 06:00:00,269.9
2014-05-12 12:00:00,268.2
2014-05-12 18:00:00,272.0
2014-05-13 00:00:00,273.29
2014-05-13 06:00:00,270.7
2014-05-13 12:00:00,270.5
2014-05-13 18:00:00,274.7
2014-05-14 00:00:00,276.7
2014-05-14 06:00:00,276.0
2014-05-14 12:00:00,272.6
2014-05-14 18:00:00,279.29
2014-05-15 00:00:00,281.2
2014-05-15 06:00:00,278.5
2014-05-15 12:00:00,276.0
2014-05-15 18:00:00,281.40000000000003
2014-05-16 00:00:00,285.7
2014-05-16 06:00:00,279.1
2014-05-16 12:00:00,280.29
2014-05-16 18:00:00,282.79
2014-05-17 00:00:00,284.5
2014-05-17 06:00:00,280.90000000000003
2014-05-17 12:00:00,280.2
2014-05-17 18:00:00,284.79
2014-05-18 00:00:00,288.1
2014-05-18 06:00:00,280.6
2014-05-18 12:00:00,281.29
2014-05-18 18:00:00,286.5
2014-05-19 00:00:00,286.0
2014-05-19 06:00:00,277.5
2014-05-19 12:00:00,276.0
2014-05-19 18:00:00,281.0
2014-05-20 00:00:00,283.6
2014-05-20 06:00:00,274.79
2014-05-20 12:00:00,274.6
2014-05-20 18:00:00,283.79
2014-05-21 00:00:00,285.79
2014-05-21 06:00:00,278.5
2014-05-21 12:00:00,277.79
2014-05-21 18:00:00,285.5
2014-05-22 00:00:00,288.5
2014-05-22 06:00:00,283.29
2014-05-22 12:00:00,275.90000000000003
2014-05-22 18:00:00,288.79
2014-05-23 00:00:00,290.5
2014-05-23 06:00:00,282.40000000000003
2014-05-23 12:00:00,281.0
2014-05-23 18:00:00,288.90000000000003
2014-05-24 00:00:00,289.90000000000003
2014-05-24 06:00:00,286.0
2014-05-24 12:00:00,279.7
2014-05-24 18:00:00,285.29
2014-05-25 00:00:00,288.2
2014-05-25 06:00:00,281.2
2014-05-25 12:00:00,279.1
2014-05-25 18:00:00,287.79
2014-05-26 00:00:00,290.7
2014-05-26 06:00:00,286.7
2014-05-26 12:00:00,280.6
2014-05-26 18:00:00,290.6
2014-05-27 00:00:00,293.29
2014-05-27 06:00:00,288.2
2014-05-27 12:00:00,282.29
2014-05-27 18:00:00,292.79
2014-05-28 00:00:00,295.40000000000003
2014-05-28 06:00:00,284.6
2014-05-28 12:00:00,283.6
2014-05-28 18:00:00,294.1
2014-05-29 00:00:00,297.29
2014-05-29 06:00:00,287.6
2014-05-29 12:00:00,283.2
2014-05-29 18:00:00,288.6
2014-05-30 00:00:00,291.90000000000003
2014-05-30 06:00:00,284.6
2014-05-30 12:00:00,277.1
2014-05-30 18:00:00,289.5
2014-05-31 00:00:00,290.29
2014-05-31 06:00:00,282.90000000000003
2014-05-31 12:00:00,285.1
2014-05-31 18:00:00,290.7
2014-06-01 00:00:00,293.7
2014-06-01 06:00:00,285.2
2014-06-01 12:00:00,280.79
2014-06-01 18:00:00,285.6
2014-06-02 00:00:00,287.6
2014-06-02 06:00:00,283.90000000000003
2014-06-02 12:00:00,276.1
2014-06-02 18:00:00,289.40000000000003
2014-06-03 00:00:00,293.2
2014-06-03 06:00:00,283.90000000000003
2014-06-03 12:00:00,287.0
2014-06-03 18:00:00,290.2
2014-06-04 00:00:00,292.5
2014-06-04 06:00:00,287.0
2014-06-04 12:00:00,282.5
2014-06-04 18:00:00,290.40000000000003
2014-06-05 00:00:00,292.1
2014-06-05 06:00:00,284.5
2014-06-05 12:00:00,281.40000000000003
2014-06-05 18:00:00,290.90000000000003
2014-06-06 00:00:00,293.5
2014-06-06 06:00:00,284.2
2014-06-06 12:00:00,280.79
2014-06-06 18:00:00,291.5
2014-06-07 00:00:00,291.5
2014-06-07 06:00:00,281.2
2014-06-07 12:00:00,277.90000000000003
2014-06-07 18:00:00,289.2
2014-06-08 00:00:00,291.29
2014-06-08 06:00:00,284.1
2014-06-08 12:00:00,278.2
2014-06-08 18:00:00,284.40000000000003
2014-06-09 00:00:00,282.90000000000003
2014-06-09 06:00:00,281.6
2014-06-09 12:00:00,276.29
2014-06-09 18:00:00,288.29
2014-06-10 00:00:00,291.2
2014-06-10 06:00:00,285.79
2014-06-10 12:00:00,283.0
2014-06-10 18:00:00,292.29
2014-06-11 00:00:00,291.5
2014-06-11 06:00:00,285.79
2014-06-11 12:00:00,282.6
2014-06-11 18:00:00,288.29
2014-06-12 00:00:00,289.6
2014-06-12 06:00:00,281.79
2014-06-12 12:00:00,279.29
2014-06-12 18:00:00,291.79
2014-06-13 00:00:00,296.1
2014-06-13 06:00:00,289.1
2014-06-13 12:00:00,287.1
2014-06-13 18:00:00,291.2
2014-06-14 00:00:00,290.6
2014-06-14 06:00:00,282.6
2014-06-14 12:00:00,277.2
2014-06-14 18:00:00,281.0
2014-06-15 00:00:00,281.6
2014-06-15 06:00:00,279.2
2014-06-15 12:00:00,276.79
2014-06-15 18:00:00,286.2
2014-06-16 00:00:00,287.90000000000003
2014-06-16 06:00:00,284.90000000000003
2014-06-16 12:00:00,281.29
2014-06-16 18:00:00,287.0
2014-06-17 00:00:00,286.79
2014-06-17 06:00:00,284.6
2014-06-17 12:00:00,280.5
2014-06-17 18:00:00,281.1
2014-06-18 00:00:00,279.2
2014-06-18 06:00:00,273.90000000000003
2014-06-18 12:00:00,270.5
2014-06-18 18:00:00,278.29
2014-06-19 00:00:00,281.5
2014-06-19 06:00:00,276.5
2014-06-19 12:00:00,278.29
2014-06-19 18:00:00,284.40000000000003
2014-06-20 00:00:00,289.90000000000003
2014-06-20 06:00:00,283.0
2014-06-20 12:00:00,281.29
2014-06-20 18:00:00,291.1
2014-06-21 00:00:00,295.40000000000003
2014-06-21 06:00:00,290.5
2014-06-21 12:00:00,283.6
2014-06-21 18:00:00,294.1
2014-06-22 00:00:00,293.79
2014-06-22 06:00:00,289.7
2014-06-22 12:00:00,283.5
2014-06-22 18:00:00,291.29
2014-06-23 00:00:00,290.1
2014-06-23 06:00:00,285.2
2014-06-23 12:00:00,280.5
2014-06-23 18:00:00,290.79
2014-06-24 00:00:00,292.29
2014-06-24 06:00:00,287.1
2014-06-24 12:00:00,280.79
2014-06-24 18:00:00,292.0
2014-06-25 00:00:00,295.6
2014-06-25 06:00:00,289.40000000000003
2014-06-25 12:00:00,281.40000000000003
2014-06-25 18:00:00,294.2
2014-06-26 00:00:00,295.90000000000003
2014-06-26 06:00:00,292.6
2014-06-26 12:00:00,284.40000000000003
2014-06-26 18:00:00,291.7
2014-06-27 00:00:00,290.5
2014-06-27 06:00:00,285.79
2014-06-27 12:00:00,282.6
2014-06-27 18:00:00,285.29
2014-06-28 00:00:00,285.7
2014-06-28 06:00:00,281.1
2014-06-28 12:00:00,280.79
2014-06-28 18:00:00,287.7
2014-06-29 00:00:00,291.2
2014-06-29 06:00:00,285.2
2014-06-29 12:00:00,285.90000000000003
2014-06-29 18:00:00,291.5
2014-06-30 00:00:00,293.7
2014-06-30 06:00:00,286.0
2014-06-30 12:00:00,281.6
2014-06-30 18:00:00,289.2
2014-07-01 00:00:00,290.6
2014-07-01 06:00:00,285.1
2014-07-01 12:00:00,277.5
2014-07-01 18:00:00,289.2
2014-07-02 00:00:00,292.6
2014-07-02 06:00:00,284.0
2014-07-02 12:00:00,281.90000000000003
2014-07-02 18:00:00,292.40000000000003
2014-07-03 00:00:00,297.1
2014-07-03 06:00:00,292.79
2014-07-03 12:00:00,282.90000000000003
2014-07-03 18:00:00,297.40000000000003
2014-07-04 00:00:00,298.90000000000003
2014-07-04 06:00:00,292.29
2014-07-04 12:00:00,290.2
2014-07-04 18:00:00,297.2
2014-07-05 00:00:00,298.7
2014-07-05 06:00:00,290.0
2014-07-05 12:00:00,290.1
2014-07-05 18:00:00,297.7
2014-07-06 00:00:00,299.90000000000003
2014-07-06 06:00:00,292.0
2014-07-06 12:00:00,290.40000000000003
2014-07-06 18:00:00,297.5
2014-07-07 00:00:00,299.40000000000003
2014-07-07 06:00:00,293.79
2014-07-07 12:00:00,289.0
2014-07-07 18:00:00,297.7
2014-07-08 00:00:00,297.2
2014-07-08 06:00:00,288.2
2014-07-08 12:00:00,284.90000000000003
2014-07-08 18:00:00,296.5
2014-07-09 00:00:00,299.40000000000003
2014-07-09 06:00:00,293.90000000000003
2014-07-09 12:00:00,286.5
2014-07-09 18:00:00,298.0
2014-07-10 00:00:00,300.5
2014-07-10 06:00:00,292.1
2014-07-10 12:00:00,289.40000000000003
2014-07-10 18:00:00,295.1
2014-07-11 00:00:00,295.29
2014-07-11 06:00:00,293.7
2014-07-11 12:00:00,283.5
2014-07-11 18:00:00,294.7
2014-07-12 00:00:00,294.1
2014-07-12 06:00:00,292.0
2014-07-12 12:00:00,288.1
2014-07-12 18:00:00,293.7
2014-07-13 00:00:00,297.79
2014-07-13 06:00:00,290.6
2014-07-13 12:00:00,286.5
2014-07-13 18:00:00,296.7
2014-07-14 00:00:00,299.1
2014-07-14 06:00:00,290.40000000000003
2014-07-14 12:00:00,290.2
2014-07-14 18:00:00,298.0
2014-07-15 00:00:00,299.40000000000003
2014-07-15 06:00:00,291.7
2014-07-15 12:00:00,288.7
2014-07-15 18:00:00,297.40000000000003
2014-07-16 00:00:00,298.0
2014-07-16 06:00:00,289.40000000000003
2014-07-16 12:00:00,287.1
2014-07-16 18:00:00,290.29
2014-07-17 00:00:00,293.0
2014-07-17 06:00:00,287.90000000000003
2014-07-17 12:00:00,285.29
2014-07-17 18:00:00,293.7
2014-07-18 00:00:00,297.2
2014-07-18 06:00:00,291.0
2014-07-18 12:00:00,290.79
2014-07-18 18:00:00,296.2
2014-07-19 00:00:00,298.29
2014-07-19 06:00:00,292.2
2014-07-19 12:00:00,289.0
2014-07-19 18:00:00,296.79
2014-07-20 00:00:00,299.0
2014-07-20 06:00:00,290.90000000000003
2014-07-20 12:00:00,291.29
2014-07-20 18:00:00,297.0
2014-07-21 00:00:00,297.6
2014-07-21 06:00:00,289.40000000000003
2014-07-21 12:00:00,288.79
2014-07-21 18:00:00,295.1
2014-07-22 00:00:00,297.90000000000003
2014-07-22 06:00:00,293.79
2014-07-22 12:00:00,287.5
2014-07-22 18:00:00,296.90000000000003
2014-07-23 00:00:00,300.90000000000003
2014-07-23 06:00:00,293.79
2014-07-23 12:00:00,288.7
2014-07-23 18:00:00,300.2
2014-07-24 00:00:00,302.6
2014-07-24 06:00:00,293.6
2014-07-24 12:00:00,290.79
2014-07-24 18:00:00,298.0
2014-07-25 00:00:00,297.2
2014-07-25 06:00:00,290.6
2014-07-25 12:00:00,284.90000000000003
2014-07-25 18:00:00,297.40000000000003
2014-07-26 00:00:00,297.1
2014-07-26 06:00:00,289.29
2014-07-26 12:00:00,287.7
2014-07-26 18:00:00,295.6
2014-07-27 00:00:00,299.0
2014-07-27 06:00:00,287.0
2014-07-27 12:00:00,277.0
2014-07-27 18:00:00,296.0
2014-07-28 00:00:00,299.29
2014-07-28 06:00:00,286.90000000000003
2014-07-28 12:00:00,284.90000000000003
2014-07-28 18:00:00,297.90000000000003
2014-07-29 00:00:00,297.0
2014-07-29 06:00:00,293.5
2014-07-29 12:00:00,290.1
2014-07-29 18:00:00,287.0
2014-07-30 00:00:00,286.29
2014-07-30 06:00:00,286.2
2014-07-30 12:00:00,283.1
2014-07-30 18:00:00,288.1
2014-07-31 00:00:00,290.5
2014-07-31 06:00:00,287.1
2014-07-31 12:00:00,283.2
2014-07-31 18:00:00,290.90000000000003
2014-08-01 00:00:00,294.1
2014-08-01 06:00:00,292.40000000000003
2014-08-01 12:00:00,287.40000000000003
2014-08-01 18:00:00,294.0
2014-08-02 00:00:00,296.0
2014-08-02 06:00:00,293.29
2014-08-02 12:00:00,284.90000000000003
2014-08-02 18:00:00,295.0
2014-08-03 00:00:00,297.90000000000003
2014-08-03 06:00:00,294.90000000000003
2014-08-03 12:00:00,285.79
2014-08-03 18:00:00,296.29
2014-08-04 00:00:00,298.1
2014-08-04 06:00:00,295.79
2014-08-04 12:00:00,292.1
2014-08-04 18:00:00,291.1
2014-08-05 00:00:00,292.1
2014-08-05 06:00:00,288.40000000000003
2014-08-05 12:00:00,285.90000000000003
2014-08-05 18:00:00,289.6
2014-08-06 00:00:00,290.7
2014-08-06 06:00:00,284.79
2014-08-06 12:00:00,282.79
2014-08-06 18:00:00,288.7
2014-08-07 00:00:00,287.40000000000003
2014-08-07 06:00:00,286.6
2014-08-07 12:00:00,283.29
2014-08-07 18:00:00,288.0
2014-08-08 00:00:00,287.6
2014-08-08 06:00:00,282.6
2014-08-08 12:00:00,282.29
2014-08-08 18:00:00,287.7
2014-08-09 00:00:00,291.6
2014-08-09 06:00:00,288.7
2014-08-09 12:00:00,287.79
2014-08-09 18:00:00,291.1
2014-08-10 00:00:00,294.2
2014-08-10 06:00:00,290.5
2014-08-10 12:00:00,281.79
2014-08-10 18:00:00,292.5
2014-08-11 00:00:00,296.7
2014-08-11 06:00:00,292.90000000000003
2014-08-11 12:00:00,285.40000000000003
2014-08-11 18:00:00,296.7
2014-08-12 00:00:00,299.2
2014-08-12 06:00:00,295.7
2014-08-12 12:00:00,291.7
2014-08-12 18:00:00,296.5
2014-08-13 00:00:00,296.2
2014-08-13 06:00:00,291.6
2014-08-13 12:00:00,287.6
2014-08-13 18:00:00,293.2
2014-08-14 00:00:00,293.79
2014-08-14 06:00:00,291.1
2014-08-14 12:00:00,286.79
2014-08-14 18:00:00,290.1
2014-08-15 00:00:00,291.2
2014-08-15 06:00:00,287.1
2014-08-15 12:00:00,285.79
2014-08-15 18:00:00,292.5
2014-08-16 00:00:00,294.79
2014-08-16 06:00:00,293.0
2014-08-16 12:00:00,289.7
2014-08-16 18:00:00,294.90000000000003
2014-08-17 00:00:00,296.40000000000003
2014-08-17 06:00:00,291.0
2014-08-17 12:00:00,290.40000000000003
2014-08-17 18:00:00,294.6
2014-08-18 00:00:00,297.29
2014-08-18 06:00:00,290.79
2014-08-18 12:00:00,286.5
2014-08-18 18:00:00,294.29
2014-08-19 00:00:00,298.7
2014-08-19 06:00:00,294.2
2014-08-19 12:00:00,286.0
2014-08-19 18:00:00,292.5
2014-08-20 00:00:00,291.0
2014-08-20 06:00:00,284.79
2014-08-20 12:00:00,281.79
2014-08-20 18:00:00,288.79
2014-08-21 00:00:00,292.0
2014-08-21 06:00:00,285.6
2014-08-21 12:00:00,284.90000000000003
2014-08-21 18:00:00,288.29
2014-08-22 00:00:00,290.5
2014-08-22 06:00:00,286.40000000000003
2014-08-22 12:00:00,281.2
2014-08-22 18:00:00,284.6
2014-08-23 00:00:00,286.5
2014-08-23 06:00:00,282.7
2014-08-23 12:00:00,280.29
2014-08-23 18:00:00,282.2
2014-08-24 00:00:00,282.29
2014-08-24 06:00:00,280.2
2014-08-24 12:00:00,278.79
2014-08-24 18:00:00,285.1
2014-08-25 00:00:00,288.90000000000003
2014-08-25 06:00:00,283.1
2014-08-25 12:00:00,279.1
2014-08-25 18:00:00,288.6
2014-08-26 00:00:00,289.79
2014-08-26 06:00:00,284.7
2014-08-26 12:00:00,282.5
2014-08-26 18:00:00,289.5
2014-08-27 00:00:00,291.79
2014-08-27 06:00:00,290.1
2014-08-27 12:00:00,285.40000000000003
2014-08-27 18:00:00,289.2
2014-08-28 00:00:00,289.1
2014-08-28 06:00:00,285.5
2014-08-28 12:00:00,283.29
2014-08-28 18:00:00,291.90000000000003
2014-08-29 00:00:00,292.79
2014-08-29 06:00:00,286.1
2014-08-29 12:00:00,285.40000000000003
2014-08-29 18:00:00,292.29
2014-08-30 00:00:00,294.7
2014-08-30 06:00:00,286.5
2014-08-30 12:00:00,287.79
2014-08-30 18:00:00,291.90000000000003
2014-08-31 00:00:00,291.1
2014-08-31 06:00:00,287.79
2014-08-31 12:00:00,282.40000000000003
2014-08-31 18:00:00,283.90000000000003
2014-09-01 00:00:00,286.5
2014-09-01 06:00:00,282.5
2014-09-01 12:00:00,279.40000000000003
2014-09-01 18:00:00,287.0
2014-09-02 00:00:00,288.6
2014-09-02 06:00:00,285.1
2014-09-02 12:00:00,279.7
2014-09-02 18:00:00,291.7
2014-09-03 00:00:00,295.0
2014-09-03 06:00:00,286.40000000000003
2014-09-03 12:00:00,288.2
2014-09-03 18:00:00,292.29
2014-09-04 00:00:00,292.90000000000003
2014-09-04 06:00:00,285.0
2014-09-04 12:00:00,275.79
2014-09-04 18:00:00,287.0
2014-09-05 00:00:00,288.6
2014-09-05 06:00:00,280.0
2014-09-05 12:00:00,277.79
2014-09-05 18:00:00,287.40000000000003
2014-09-06 00:00:00,289.40000000000003
2014-09-06 06:00:00,281.6
2014-09-06 12:00:00,279.79
2014-09-06 18:00:00,290.90000000000003
2014-09-07 00:00:00,293.40000000000003
2014-09-07 06:00:00,288.1
2014-09-07 12:00:00,284.1
2014-09-07 18:00:00,293.0
2014-09-08 00:00:00,295.0
2014-09-08 06:00:00,293.2
2014-09-08 12:00:00,282.29
2014-09-08 18:00:00,291.5
2014-09-09 00:00:00,293.0
2014-09-09 06:00:00,286.2
2014-09-09 12:00:00,283.29
2014-09-09 18:00:00,287.7
2014-09-10 00:00:00,287.90000000000003
2014-09-10 06:00:00,281.29
2014-09-10 12:00:00,275.5
2014-09-10 18:00:00,286.40000000000003
2014-09-11 00:00:00,288.40000000000003
2014-09-11 06:00:00,282.2
2014-09-11 12:00:00,276.90000000000003
2014-09-11 18:00:00,281.29
2014-09-12 00:00:00,279.7
2014-09-12 06:00:00,270.4
2014-09-12 12:00:00,267.79
2014-09-12 18:00:00,275.2
2014-09-13 00:00:00,281.40000000000003
2014-09-13 06:00:00,276.40000000000003
2014-09-13 12:00:00,282.29
2014-09-13 18:00:00,289.0
2014-09-14 00:00:00,292.29
2014-09-14 06:00:00,283.7
2014-09-14 12:00:00,282.0
2014-09-14 18:00:00,292.7
2014-09-15 00:00:00,293.29
2014-09-15 06:00:00,289.7
2014-09-15 12:00:00,284.90000000000003
2014-09-15 18:00:00,292.2
2014-09-16 00:00:00,294.90000000000003
2014-09-16 06:00:00,291.6
2014-09-16 12:00:00,287.79
2014-09-16 18:00:00,294.6
2014-09-17 00:00:00,295.6
2014-09-17 06:00:00,294.1
2014-09-17 12:00:00,285.5
2014-09-17 18:00:00,295.2
2014-09-18 00:00:00,297.7
2014-09-18 06:00:00,288.40000000000003
2014-09-18 12:00:00,287.90000000000003
2014-09-18 18:00:00,294.6
2014-09-19 00:00:00,296.29
2014-09-19 06:00:00,291.2
2014-09-19 12:00:00,288.0
2014-09-19 18:00:00,291.7
2014-09-20 00:00:00,293.29
2014-09-20 06:00:00,285.6
2014-09-20 12:00:00,281.5
2014-09-20 18:00:00,292.29
2014-09-21 00:00:00,293.5
2014-09-21 06:00:00,284.90000000000003
2014-09-21 12:00:00,282.2
2014-09-21 18:00:00,289.7
2014-09-22 00:00:00,290.5
2014-09-22 06:00:00,284.79
2014-09-22 12:00:00,284.90000000000003
2014-09-22 18:00:00,286.79
2014-09-23 00:00:00,288.40000000000003
2014-09-23 06:00:00,283.29
2014-09-23 12:00:00,285.1
2014-09-23 18:00:00,289.2
2014-09-24 00:00:00,292.29
2014-09-24 06:00:00,287.5
2014-09-24 12:00:00,283.5
2014-09-24 18:00:00,292.7
2014-09-25 00:00:00,296.0
2014-09-25 06:00:00,287.0
2014-09-25 12:00:00,288.40000000000003
2014-09-25 18:00:00,295.2
2014-09-26 00:00:00,297.5
2014-09-26 06:00:00,289.1
2014-09-26 12:00:00,288.0
2014-09-26 18:00:00,293.6
2014-09-27 00:00:00,295.29
2014-09-27 06:00:00,290.2
2014-09-27 12:00:00,286.90000000000003
2014-09-27 18:00:00,290.0
2014-09-28 00:00:00,290.2
2014-09-28 06:00:00,285.2
2014-09-28 12:00:00,283.0
2014-09-28 18:00:00,283.0
2014-09-29 00:00:00,280.0
2014-09-29 06:00:00,279.1
2014-09-29 12:00:00,277.6
2014-09-29 18:00:00,279.79
2014-09-30 00:00:00,281.1
2014-09-30 06:00:00,275.90000000000003
2014-09-30 12:00:00,278.29
2014-09-30 18:00:00,280.5
2014-10-01 00:00:00,280.6
2014-10-01 06:00:00,276.5
2014-10-01 12:00:00,273.79
2014-10-01 18:00:00,276.2
2014-10-02 00:00:00,276.2
2014-10-02 06:00:00,271.7
2014-10-02 12:00:00,270.2
2014-10-02 18:00:00,278.1
2014-10-03 00:00:00,281.0
2014-10-03 06:00:00,274.40000000000003
2014-10-03 12:00:00,268.9
2014-10-03 18:00:00,280.40000000000003
2014-10-04 00:00:00,283.0
2014-10-04 06:00:00,279.0
2014-10-04 12:00:00,280.0
2014-10-04 18:00:00,284.79
2014-10-05 00:00:00,286.7
2014-10-05 06:00:00,280.5
2014-10-05 12:00:00,280.40000000000003
2014-10-05 18:00:00,286.29
2014-10-06 00:00:00,287.5
2014-10-06 06:00:00,281.1
2014-10-06 12:00:00,281.7
2014-10-06 18:00:00,288.0
2014-10-07 00:00:00,289.2
2014-10-07 06:00:00,283.90000000000003
2014-10-07 12:00:00,283.29
2014-10-07 18:00:00,288.5
2014-10-08 00:00:00,290.0
2014-10-08 06:00:00,282.29
2014-10-08 12:00:00,282.79
2014-10-08 18:00:00,288.6
2014-10-09 00:00:00,288.90000000000003
2014-10-09 06:00:00,287.5
2014-10-09 12:00:00,281.40000000000003
2014-10-09 18:00:00,291.0
2014-10-10 00:00:00,290.0
2014-10-10 06:00:00,283.6
2014-10-10 12:00:00,280.7
2014-10-10 18:00:00,287.5
2014-10-11 00:00:00,287.5
2014-10-11 06:00:00,279.2
2014-10-11 12:00:00,277.1
2014-10-11 18:00:00,283.7
2014-10-12 00:00:00,285.2
2014-10-12 06:00:00,280.6
2014-10-12 12:00:00,278.0
2014-10-12 18:00:00,275.40000000000003
2014-10-13 00:00:00,276.90000000000003
2014-10-13 06:00:00,273.5
2014-10-13 12:00:00,271.4
2014-10-13 18:00:00,278.79
2014-10-14 00:00:00,282.1
2014-10-14 06:00:00,277.2
2014-10-14 12:00:00,277.79
2014-10-14 18:00:00,283.7
2014-10-15 00:00:00,288.5
2014-10-15 06:00:00,282.7
2014-10-15 12:00:00,287.5
2014-10-15 18:00:00,287.90000000000003
2014-10-16 00:00:00,287.5
2014-10-16 06:00:00,280.6
2014-10-16 12:00:00,277.5
2014-10-16 18:00:00,280.79
2014-10-17 00:00:00,283.0
2014-10-17 06:00:00,279.2
2014-10-17 12:00:00,274.90000000000003
2014-10-17 18:00:00,284.29
2014-10-18 00:00:00,286.90000000000003
2014-10-18 06:00:00,278.29
2014-10-18 12:00:00,278.1
2014-10-18 18:00:00,287.40000000000003
2014-10-19 00:00:00,287.6
2014-10-19 06:00:00,286.99
2014-10-19 12:00:00,283.5
2014-10-19 18:00:00,287.2
2014-10-20 00:00:00,289.2
2014-10-20 06:00:00,283.99
2014-10-20 12:00:00,277.79
2014-10-20 18:00:00,286.5
2014-10-21 00:00:00,289.99
2014-10-21 06:00:00,280.89
2014-10-21 12:00:00,283.2
2014-10-21 18:00:00,283.69
2014-10-22 00:00:00,279.7
2014-10-22 06:00:00,274.19
2014-10-22 12:00:00,272.6
2014-10-22 18:00:00,277.29
2014-10-23 00:00:00,280.29
2014-10-23 06:00:00,273.5
2014-10-23 12:00:00,275.39
2014-10-23 18:00:00,282.39
2014-10-24 00:00:00,287.09000000000003
2014-10-24 06:00:00,283.49
2014-10-24 12:00:00,282.5
2014-10-24 18:00:00,286.49
2014-10-25 00:00:00,289.7
2014-10-25 06:00:00,278.79
2014-10-25 12:00:00,280.29
2014-10-25 18:00:00,286.7
2014-10-26 00:00:00,289.99
2014-10-26 06:00:00,284.69
2014-10-26 12:00:00,282.29
2014-10-26 18:00:00,280.49
2014-10-27 00:00:00,278.2
2014-10-27 06:00:00,272.29
2014-10-27 12:00:00,268.2
2014-10-27 18:00:00,272.7
2014-10-28 00:00:00,274.5
2014-10-28 06:00:00,269.29
2014-10-28 12:00:00,265.49
2014-10-28 18:00:00,273.59000000000003
2014-10-29 00:00:00,277.39
2014-10-29 06:00:00,272.1
2014-10-29 12:00:00,274.59000000000003
2014-10-29 18:00:00,278.69
2014-10-30 00:00:00,279.39
2014-10-30 06:00:00,277.39
2014-10-30 12:00:00,274.39
2014-10-30 18:00:00,281.29
2014-10-31 00:00:00,284.39
2014-10-31 06:00:00,278.19
2014-10-31 12:00:00,278.79
2014-10-31 18:00:00,285.2
2014-11-01 00:00:00,287.1
2014-11-01 06:00:00,282.59000000000003
2014-11-01 12:00:00,284.29
2014-11-01 18:00:00,286.7
2014-11-02 00:00:00,281.89
2014-11-02 06:00:00,277.29
2014-11-02 12:00:00,273.5
2014-11-02 18:00:00,274.99
2014-11-03 00:00:00,275.5
2014-11-03 06:00:00,269.6
2014-11-03 12:00:00,268.59000000000003
2014-11-03 18:00:00,270.89
2014-11-04 00:00:00,274.09000000000003
2014-11-04 06:00:00,266.89
2014-11-04 12:00:00,266.99
2014-11-04 18:00:00,271.79
2014-11-05 00:00:00,276.89
2014-11-05 06:00:00,273.09000000000003
2014-11-05 12:00:00,274.2
2014-11-05 18:00:00,277.6
2014-11-06 00:00:00,280.1
2014-11-06 06:00:00,274.69
2014-11-06 12:00:00,277.2
2014-11-06 18:00:00,278.79
2014-11-07 00:00:00,281.39
2014-11-07 06:00:00,278.39
2014-11-07 12:00:00,280.99
2014-11-07 18:00:00,279.79
2014-11-08 00:00:00,279.0
2014-11-08 06:00:00,275.89
2014-11-08 12:00:00,271.79
2014-11-08 18:00:00,277.2
2014-11-09 00:00:00,280.29
2014-11-09 06:00:00,275.39
2014-11-09 12:00:00,277.89
2014-11-09 18:00:00,280.99
2014-11-10 00:00:00,283.49
2014-11-10 06:00:00,281.1
2014-11-10 12:00:00,273.49
2014-11-10 18:00:00,268.89
2014-11-11 00:00:00,266.49
2014-11-11 06:00:00,260.29
2014-11-11 12:00:00,256.49
2014-11-11 18:00:00,257.59000000000003
2014-11-12 00:00:00,257.99
2014-11-12 06:00:00,250.8
2014-11-12 12:00:00,248.19
2014-11-12 18:00:00,250.99
2014-11-13 00:00:00,253.89000000000001
2014-11-13 06:00:00,247.69
2014-11-13 12:00:00,244.59
2014-11-13 18:00:00,254.09
2014-11-14 00:00:00,262.79
2014-11-14 06:00:00,266.79
2014-11-14 12:00:00,271.1
2014-11-14 18:00:00,273.39
2014-11-15 00:00:00,272.69
2014-11-15 06:00:00,271.29
2014-11-15 12:00:00,262.79
2014-11-15 18:00:00,255.89000000000001
2014-11-16 00:00:00,257.6
2014-11-16 06:00:00,249.69
2014-11-16 12:00:00,252.29
2014-11-16 18:00:00,258.59000000000003
2014-11-17 00:00:00,261.89
2014-11-17 06:00:00,257.29
2014-11-17 12:00:00,256.79
2014-11-17 18:00:00,260.09000000000003
2014-11-18 00:00:00,264.19
2014-11-18 06:00:00,260.39
2014-11-18 12:00:00,262.79
2014-11-18 18:00:00,264.7
2014-11-19 00:00:00,270.29
2014-11-19 06:00:00,268.09000000000003
2014-11-19 12:00:00,270.79
2014-11-19 18:00:00,268.79
2014-11-20 00:00:00,271.5
2014-11-20 06:00:00,269.79
2014-11-20 12:00:00,268.39
2014-11-20 18:00:00,270.99
2014-11-21 00:00:00,273.39
2014-11-21 06:00:00,270.6
2014-11-21 12:00:00,270.2
2014-11-21 18:00:00,268.59000000000003
2014-11-22 00:00:00,275.09000000000003
2014-11-22 06:00:00,269.29
2014-11-22 12:00:00,272.29
2014-11-22 18:00:00,273.0
2014-11-23 00:00:00,273.0
2014-11-23 06:00:00,269.5
2014-11-23 12:00:00,268.5
2014-11-23 18:00:00,265.99
2014-11-24 00:00:00,267.59000000000003
2014-11-24 06:00:00,264.89
2014-11-24 12:00:00,267.29
2014-11-24 18:00:00,265.7
2014-11-25 00:00:00,266.29
2014-11-25 06:00:00,262.49
2014-11-25 12:00:00,269.39
2014-11-25 18:00:00,271.49
2014-11-26 00:00:00,275.0
2014-11-26 06:00:00,271.39
2014-11-26 12:00:00,271.49
2014-11-26 18:00:00,273.2
2014-11-27 00:00:00,273.19
2014-11-27 06:00:00,273.29
2014-11-27 12:00:00,275.5
2014-11-27 18:00:00,275.89
2014-11-28 00:00:00,277.39
2014-11-28 06:00:00,275.09000000000003
2014-11-28 12:00:00,278.49
2014-11-28 18:00:00,277.2
2014-11-29 00:00:00,278.09000000000003
2014-11-29 06:00:00,274.0
2014-11-29 12:00:00,275.2
2014-11-29 18:00:00,274.39
2014-11-30 00:00:00,274.39
2014-11-30 06:00:00,275.09000000000003
2014-11-30 12:00:00,271.2
2014-11-30 18:00:00,269.79
2014-12-01 00:00:00,265.2
2014-12-01 06:00:00,261.29
2014-12-01 12:00:00,266.99
2014-12-01 18:00:00,270.6
2014-12-02 00:00:00,272.99
2014-12-02 06:00:00,272.69
2014-12-02 12:00:00,274.09000000000003
2014-12-02 18:00:00,272.99
2014-12-03 00:00:00,273.6
2014-12-03 06:00:00,269.2
2014-12-03 12:00:00,265.79
2014-12-03 18:00:00,270.19
2014-12-04 00:00:00,274.29
2014-12-04 06:00:00,273.2
2014-12-04 12:00:00,274.39
2014-12-04 18:00:00,273.19
2014-12-05 00:00:00,275.2
2014-12-05 06:00:00,272.59000000000003
2014-12-05 12:00:00,275.59000000000003
2014-12-05 18:00:00,272.5
2014-12-06 00:00:00,274.7
2014-12-06 06:00:00,268.69
2014-12-06 12:00:00,271.5
2014-12-06 18:00:00,271.39
2014-12-07 00:00:00,274.09000000000003
2014-12-07 06:00:00,271.89
2014-12-07 12:00:00,274.5
2014-12-07 18:00:00,273.2
2014-12-08 00:00:00,275.09000000000003
2014-12-08 06:00:00,269.69
2014-12-08 12:00:00,272.2
2014-12-08 18:00:00,271.6
2014-12-09 00:00:00,274.39
2014-12-09 06:00:00,269.99
2014-12-09 12:00:00,273.39
2014-12-09 18:00:00,271.5
2014-12-10 00:00:00,273.79
2014-12-10 06:00:00,271.7
2014-12-10 12:00:00,269.79
2014-12-10 18:00:00,271.1
2014-12-11 00:00:00,273.19
2014-12-11 06:00:00,270.19
2014-12-11 12:00:00,274.69
2014-12-11 18:00:00,274.19
2014-12-12 00:00:00,278.1
2014-12-12 06:00:00,275.29
2014-12-12 12:00:00,276.99
2014-12-12 18:00:00,277.2
2014-12-13 00:00:00,278.0
2014-12-13 06:00:00,275.19
2014-12-13 12:00:00,274.69
2014-12-13 18:00:00,272.79
2014-12-14 00:00:00,270.89
2014-12-14 06:00:00,267.79
2014-12-14 12:00:00,267.99
2014-12-14 18:00:00,268.1
2014-12-15 00:00:00,268.59000000000003
2014-12-15 06:00:00,267.29
2014-12-15 12:00:00,265.2
2014-12-15 18:00:00,266.39
2014-12-16 00:00:00,267.6
2014-12-16 06:00:00,261.7
2014-12-16 12:00:00,260.29
2014-12-16 18:00:00,266.79
2014-12-17 00:00:00,271.5
2014-12-17 06:00:00,268.2
2014-12-17 12:00:00,269.2
2014-12-17 18:00:00,267.79
2014-12-18 00:00:00,269.79
2014-12-18 06:00:00,267.29
2014-12-18 12:00:00,264.49
2014-12-18 18:00:00,264.1
2014-12-19 00:00:00,268.0
2014-12-19 06:00:00,264.89
2014-12-19 12:00:00,267.2
2014-12-19 18:00:00,266.5
2014-12-20 00:00:00,272.29
2014-12-20 06:00:00,268.99
2014-12-20 12:00:00,269.89
2014-12-20 18:00:00,268.5
2014-12-21 00:00:00,272.39
2014-12-21 06:00:00,269.29
2014-12-21 12:00:00,272.39
2014-12-21 18:00:00,272.29
2014-12-22 00:00:00,274.39
2014-12-22 06:00:00,268.2
2014-12-22 12:00:00,269.5
2014-12-22 18:00:00,268.39
2014-12-23 00:00:00,268.5
2014-12-23 06:00:00,265.6
2014-12-23 12:00:00,262.1
2014-12-23 18:00:00,262.09000000000003
2014-12-24 00:00:00,265.69
2014-12-24 06:00:00,262.69
2014-12-24 12:00:00,264.49
2014-12-24 18:00:00,265.2
2014-12-25 00:00:00,272.0
2014-12-25 06:00:00,271.99
2014-12-25 12:00:00,268.1
2014-12-25 18:00:00,266.2
2014-12-26 00:00:00,266.89
2014-12-26 06:00:00,263.1
2014-12-26 12:00:00,260.39
2014-12-26 18:00:00,261.7
2014-12-27 00:00:00,261.69
2014-12-27 06:00:00,256.2
2014-12-27 12:00:00,251.99
2014-12-27 18:00:00,257.2
2014-12-28 00:00:00,262.89
2014-12-28 06:00:00,260.69
2014-12-28 12:00:00,264.29
2014-12-28 18:00:00,263.0
2014-12-29 00:00:00,263.7
2014-12-29 06:00:00,261.39
2014-12-29 12:00:00,258.79
2014-12-29 18:00:00,259.39
2014-12-30 00:00:00,258.29
2014-12-30 06:00:00,253.29
2014-12-30 12:00:00,251.0
2014-12-30 18:00:00,251.69
2014-12-31 00:00:00,252.29
2014-12-31 06:00:00,246.19
2014-12-31 12:00:00,245.69
2014-12-31 18:00:00,249.99
